id,game_id,name,storyline,first_release_date,follow_count,hype_count,critic_rating_value,critic_rating_count,user_rating_value,user_rating_count
513,41676,Playball,NULL,1986-02-01 00:00:00.000,NULL,NULL,NULL,NULL,NULL,NULL
518,75873,Zoids: The Battle Begins,NULL,1986-12-31 00:00:00.000,NULL,NULL,NULL,NULL,NULL,NULL
683,26396,Gettysburg: The Turning Point,NULL,1986-12-31 00:00:00.000,NULL,NULL,NULL,NULL,NULL,NULL
936,40482,Tee'd Off,NULL,1986-06-07 00:00:00.000,NULL,NULL,NULL,NULL,NULL,NULL
1110,80411,Nocturne,NULL,1986-12-31 00:00:00.000,NULL,NULL,NULL,NULL,NULL,NULL
1669,36686,Judge Dredd,NULL,1986-12-31 00:00:00.000,NULL,NULL,NULL,NULL,NULL,NULL
1776,92342,Vs. Super Mario Bros.,"The plot is the same as the original Super Mario Bros., featuring Mario and Luigi (second player only) setting out on a quest to free Princess Toadstool from the evil Bowser and restore the fallen kingdom of the Mushroom People.",1986-12-31 00:00:00.000,NULL,NULL,NULL,NULL,NULL,NULL
2340,77228,Super Mario Bros. Special,NULL,1986-12-31 00:00:00.000,NULL,NULL,NULL,NULL,NULL,NULL
3852,60171,Meteorite,NULL,1986-12-31 00:00:00.000,NULL,NULL,NULL,NULL,NULL,NULL
3932,13598,Dodgy Geezers,NULL,1986-12-31 00:00:00.000,NULL,NULL,NULL,NULL,NULL,NULL
4142,70945,Little Princess,"From the intro:

""It was a bright and sunny Sunday morning. I was on a date with my girlfriend, Miki. But disaster suddenly struck out of nowhere. The skies turned a foul shade of black. And out of nowhere, clad in the darkest of shadow, Dracula appeared to steal Miki away from me. I desperately pursued that wicked Dracula. And before I knew it, I was in a different world. Miki, I'll definitely save you. Please wait for me.""

The game's story features the same Kentarou and Miki from the Rance titles, however Dracula would later be retconned and be replaced with Demon King Gi.",1986-12-25 00:00:00.000,NULL,NULL,NULL,NULL,NULL,NULL
4266,40292,Big Event Golf,NULL,1986-06-01 00:00:00.000,NULL,NULL,NULL,NULL,NULL,NULL
4292,93128,Super Bowl,NULL,1986-12-31 00:00:00.000,NULL,NULL,NULL,NULL,NULL,NULL
4405,28449,Mermaid Madness,NULL,1986-12-31 00:00:00.000,NULL,NULL,NULL,NULL,NULL,NULL
4472,41791,Kitty's Great Adventure,NULL,1986-02-01 00:00:00.000,NULL,NULL,NULL,NULL,NULL,NULL
4938,26389,V,NULL,1986-12-31 00:00:00.000,NULL,NULL,NULL,NULL,NULL,NULL
5286,41096,Spelunker II,NULL,1986-06-01 00:00:00.000,NULL,NULL,NULL,NULL,NULL,NULL
5427,40424,Riddle Of Pythagoras,NULL,1986-06-01 00:00:00.000,NULL,NULL,NULL,NULL,NULL,NULL
5808,28563,Mr. Puniverse,NULL,1986-12-31 00:00:00.000,NULL,NULL,NULL,NULL,NULL,NULL
6612,12759,Screaming Wings,NULL,1986-12-31 00:00:00.000,NULL,NULL,NULL,NULL,NULL,NULL
6956,28566,Gladiator,NULL,1986-12-31 00:00:00.000,NULL,NULL,NULL,NULL,NULL,NULL
7260,74862,Hyperforce,NULL,1986-12-31 00:00:00.000,NULL,NULL,NULL,NULL,NULL,NULL
8432,54642,The Spy's Adventures in Europe,NULL,1986-12-31 00:00:00.000,NULL,NULL,NULL,NULL,NULL,NULL
8939,41796,Attack Four Volleyball,NULL,1986-07-05 00:00:00.000,NULL,NULL,NULL,NULL,NULL,NULL
9620,47505,Kitahei,NULL,1986-02-01 00:00:00.000,NULL,NULL,NULL,NULL,NULL,NULL
9648,94135,Pacific,NULL,1986-01-01 00:00:00.000,NULL,NULL,NULL,NULL,NULL,NULL
9672,15228,Gambler Jiko Chuushinha,NULL,1986-12-31 00:00:00.000,NULL,NULL,NULL,NULL,NULL,NULL
9771,47558,Alpha Roid,NULL,1986-08-01 00:00:00.000,NULL,NULL,NULL,NULL,NULL,NULL
9779,13399,Biggles,NULL,1986-12-31 00:00:00.000,NULL,NULL,NULL,NULL,NULL,NULL
10048,12989,Dan Dare: Pilot of the Future,NULL,1986-12-31 00:00:00.000,NULL,NULL,NULL,NULL,NULL,NULL
10209,128466,Pandemonium,NULL,1986-12-31 00:00:00.000,NULL,NULL,NULL,NULL,NULL,NULL
10576,46113,Fushigi no Oshiro Pit Pot,NULL,1986-01-14 00:00:00.000,NULL,NULL,NULL,NULL,NULL,NULL
10646,13573,Deactivators,NULL,1986-12-31 00:00:00.000,NULL,NULL,NULL,NULL,NULL,NULL
10819,13418,The Boggit: Bored Too,NULL,1986-12-31 00:00:00.000,NULL,NULL,NULL,NULL,NULL,NULL
10903,58871,Keisan Game: Sansuu 4 Nen,NULL,1986-10-30 00:00:00.000,NULL,NULL,NULL,NULL,NULL,NULL
11104,13852,Fungus,NULL,1986-12-31 00:00:00.000,NULL,NULL,NULL,NULL,NULL,NULL
11148,50491,Thomas M. Disch's Amnesia,NULL,1986-02-01 00:00:00.000,NULL,NULL,NULL,NULL,NULL,NULL
11351,13653,Explorer,NULL,1986-12-31 00:00:00.000,NULL,NULL,NULL,NULL,NULL,NULL
12402,38746,The King's Keep,NULL,1986-12-31 00:00:00.000,NULL,NULL,NULL,NULL,NULL,NULL
12457,13415,Bobby Bearing,NULL,1986-12-31 00:00:00.000,NULL,NULL,70.0000,1,NULL,NULL
12480,137223,Rupert and the Ice Castle,NULL,1986-12-31 00:00:00.000,NULL,NULL,NULL,NULL,NULL,NULL
12591,40013,Baluba-louk no Densetsu,NULL,1986-02-01 00:00:00.000,NULL,NULL,NULL,NULL,NULL,NULL
12697,13804,Arac,NULL,1986-12-31 00:00:00.000,NULL,NULL,NULL,NULL,NULL,NULL
12912,41810,Demonia,NULL,1986-02-01 00:00:00.000,NULL,NULL,NULL,NULL,NULL,NULL
12939,53159,SQIJ!,NULL,1986-12-31 00:00:00.000,NULL,NULL,NULL,NULL,NULL,NULL
13449,38639,Dai Ressya Goutou,NULL,1986-12-01 00:00:00.000,NULL,NULL,NULL,NULL,NULL,NULL
13495,26288,NAM,NULL,1986-12-31 00:00:00.000,NULL,NULL,NULL,NULL,NULL,NULL
13529,40230,Koi No Hotrock,NULL,1986-03-01 00:00:00.000,NULL,NULL,NULL,NULL,NULL,NULL
13678,11978,Brataccas,NULL,1986-12-31 00:00:00.000,NULL,NULL,NULL,NULL,NULL,NULL
13779,39465,Kid Niki: Radical Ninja,NULL,1986-12-01 00:00:00.000,NULL,NULL,NULL,NULL,NULL,NULL
13828,36589,Sub Mission,NULL,1986-12-31 00:00:00.000,NULL,NULL,NULL,NULL,NULL,NULL
13883,12353,1001 BC: A Mediterranean Odyssey,NULL,1986-12-31 00:00:00.000,NULL,NULL,NULL,NULL,NULL,NULL
14123,54591,Mystery of the Nile,NULL,1986-12-31 00:00:00.000,NULL,NULL,NULL,NULL,NULL,NULL
14134,42165,Chicken Coop,NULL,1986-02-01 00:00:00.000,NULL,NULL,NULL,NULL,NULL,NULL
14244,94847,Samurai,NULL,1986-12-31 00:00:00.000,NULL,NULL,NULL,NULL,NULL,NULL
15228,28564,Street Olympics,NULL,1986-12-31 00:00:00.000,NULL,NULL,NULL,NULL,NULL,NULL
15350,55088,WEC Le Mans 24,NULL,1986-12-31 00:00:00.000,1,NULL,NULL,NULL,NULL,NULL
15563,36676,Street Surfer,NULL,1986-12-31 00:00:00.000,NULL,NULL,NULL,NULL,NULL,NULL
15626,94651,Aardvark,NULL,1986-12-31 00:00:00.000,NULL,NULL,NULL,NULL,NULL,NULL
15709,100112,European Games,NULL,1986-12-31 00:00:00.000,NULL,NULL,NULL,NULL,NULL,NULL
16035,1812,Dragon Quest,NULL,1986-05-27 00:00:00.000,14,NULL,NULL,NULL,70.2549,63
16433,121721,Wireball,NULL,1986-12-31 00:00:00.000,NULL,NULL,NULL,NULL,NULL,NULL
16455,47219,Bop'n Rumble,NULL,1986-08-16 00:00:00.000,NULL,NULL,NULL,NULL,NULL,NULL
17113,12933,Bandits at Zero,NULL,1986-12-31 00:00:00.000,NULL,NULL,NULL,NULL,NULL,NULL
17520,47512,Exoide-Z Area 5,NULL,1986-02-01 00:00:00.000,NULL,NULL,NULL,NULL,NULL,NULL
17751,60268,Robobolt,NULL,1986-12-31 00:00:00.000,NULL,NULL,NULL,NULL,NULL,NULL
17859,41671,Jackie Chan in The Police Story,NULL,1986-06-03 00:00:00.000,NULL,NULL,NULL,NULL,NULL,NULL
18057,13312,America's Cup Challenge,NULL,1986-12-31 00:00:00.000,NULL,NULL,NULL,NULL,NULL,NULL
18540,47519,Coaster Race,NULL,1986-02-01 00:00:00.000,NULL,NULL,NULL,NULL,NULL,NULL
18876,13654,Express Raider,NULL,1986-12-31 00:00:00.000,NULL,NULL,NULL,NULL,NULL,NULL
18885,47502,Space Camp,NULL,1986-02-01 00:00:00.000,NULL,NULL,NULL,NULL,NULL,NULL
18989,40418,S.R.D. Mission,NULL,1986-06-01 00:00:00.000,NULL,NULL,NULL,NULL,NULL,NULL
18991,91384,Las Vegas,NULL,1986-12-31 00:00:00.000,NULL,NULL,NULL,NULL,NULL,NULL
19098,28705,Ultimate Wizard,"The player character, Wilfrid, is a wizard in purple robes, and his enemies include witches, knights, giant insects and other various monsters.

Each level contains keys, and the object involves getting Wilfrid to get the key to move on to the next location. Each level also requires a different spell to find the key, and every key found gives him a finite amount of times he could cast the spell. Some spells cast projectiles, which could either kill or freeze enemies, while some would teleport Wilfrid around, either by turning him to a non-corporeal ""shadow"" or by instantly moving him to his starting point.",1986-09-01 00:00:00.000,NULL,NULL,NULL,NULL,NULL,NULL
19802,13632,ElektraGlide,NULL,1986-12-31 00:00:00.000,NULL,NULL,NULL,NULL,NULL,NULL
20062,8580,720 Degrees,"The game's name comes from the ""ultimate"" trick, turning a full 720° (two complete circles) in the air after jumping off a ramp. 720° has the player controlling a skateboarder ripping around a middle-class neighborhood. By doing jumps and tricks, the player can eventually acquire enough points to compete at a skate park.",1986-12-01 00:00:00.000,1,NULL,NULL,NULL,39.4105,9
20565,39048,Ghosts 'n Goblins,NULL,1986-11-01 00:00:00.000,NULL,NULL,62.0000,0,71.0000,2
21532,36581,Super Huey II,NULL,1986-12-31 00:00:00.000,NULL,NULL,NULL,NULL,NULL,NULL
21620,26398,Super Boulder Dash,NULL,1986-12-31 00:00:00.000,1,NULL,NULL,NULL,NULL,NULL
21681,36590,Warship,NULL,1986-12-31 00:00:00.000,NULL,NULL,NULL,NULL,NULL,NULL
22632,171241,Radical Castle,NULL,1986-12-31 00:00:00.000,NULL,NULL,NULL,NULL,NULL,NULL
22689,37329,Night stocker,NULL,1986-12-31 00:00:00.000,NULL,NULL,NULL,NULL,NULL,NULL
23262,40577,Solaris,"The Zylons are back, and are attempting another takeover of the galaxy! Your goal is to destroy all of the Zylon fighters you encounter, rescue cadets that are trapped on Zylon planets, and to find the planet Solaris to protect it from the Zylons. Your spaceship is equipped with a galactic map which can be used to warp to different sectors of the galaxy. The map shows the location of Zylon squadrons, Zylon planets, federation starbases, wormholes, clusters of stars, and Solaris when you find it. By warping to the correct sector, you can battle the numerous types of Zylon fighters to keep them from attacking federation bases and planets. Your spaceship has a limited amount of fuel; when you see the fuel gauge get too low, you will need to warp to a federation starbase to refuel (make sure you leave enough fuel to warp). When flying over a Zylon controlled planet, you will see your cadets on the surface. If you rescue all of the cadets as you fly past, you will receive bonus points and an extra spaceship. The Zylons have many different types of fighters which you will encounter, as well as some narrow corridors with blockades which you will need to clear in order to reach new locations in the galaxy.",1986-11-01 00:00:00.000,NULL,NULL,NULL,NULL,NULL,NULL
23314,36905,TT Racer,NULL,1986-12-31 00:00:00.000,NULL,NULL,NULL,NULL,NULL,NULL
23538,13853,Future Knight,NULL,1986-12-31 00:00:00.000,NULL,NULL,NULL,NULL,NULL,NULL
23941,29037,Terra Cognita,NULL,1986-12-31 00:00:00.000,NULL,NULL,NULL,NULL,NULL,NULL
24041,11913,Arcticfox,NULL,1986-12-31 00:00:00.000,NULL,NULL,NULL,NULL,NULL,NULL
24107,115534,The Demon Crystal 2: Knither,NULL,1986-12-31 00:00:00.000,NULL,NULL,NULL,NULL,NULL,NULL
24837,73816,The Scoop,NULL,1986-12-31 00:00:00.000,NULL,NULL,NULL,NULL,NULL,NULL
24977,12945,Cobra,"Crime is a disease. He's the cure.

The Cobra strikes!

As vigilante cop, Marion Cobretti of the 'Zombie Squad', you must rescue top fashion model Ingrid Knutsen from an army of psychotic killers and the evil clutches of 'The Night Slasher'.",1986-12-31 00:00:00.000,NULL,NULL,NULL,NULL,NULL,NULL
25085,72473,Vulcan: The Tunisian Campaign,NULL,1986-12-31 00:00:00.000,NULL,NULL,NULL,NULL,NULL,NULL
25336,12052,Donald Duck's Playground,NULL,1986-12-31 00:00:00.000,NULL,NULL,NULL,NULL,NULL,NULL
25353,11963,The Black Cauldron,NULL,1986-12-31 00:00:00.000,NULL,NULL,NULL,NULL,NULL,NULL
25494,13025,The Quest for the Golden Egg Cup,NULL,1986-12-31 00:00:00.000,NULL,NULL,NULL,NULL,NULL,NULL
25718,36552,Sun Star,NULL,1986-12-31 00:00:00.000,NULL,NULL,NULL,NULL,NULL,NULL
25875,40028,Battle Lane Vol. 5,NULL,1986-12-01 00:00:00.000,NULL,NULL,NULL,NULL,NULL,NULL
25964,184275,Super Xevious: Gamp no Nazo,NULL,1986-09-19 00:00:00.000,NULL,NULL,NULL,NULL,NULL,NULL
26233,2891,Rings of Zilfin,NULL,1986-12-31 00:00:00.000,NULL,NULL,NULL,NULL,NULL,NULL
26293,28703,Miami Vice,NULL,1986-12-31 00:00:00.000,NULL,NULL,NULL,NULL,NULL,NULL
26511,13936,Action Reflex,NULL,1986-12-31 00:00:00.000,NULL,NULL,NULL,NULL,NULL,NULL
26905,41444,World Cup Soccer,NULL,1986-01-31 00:00:00.000,NULL,NULL,NULL,NULL,NULL,NULL
27107,47503,Super Rambo Special,NULL,1986-02-01 00:00:00.000,NULL,NULL,NULL,NULL,NULL,NULL
27207,26458,Hanse,NULL,1986-12-31 00:00:00.000,NULL,NULL,NULL,NULL,NULL,NULL
27449,36655,Olli & Lissa: The Ghost of Shilmore Castle,NULL,1986-12-31 00:00:00.000,NULL,NULL,NULL,NULL,NULL,NULL
27524,14106,Harvey Headbanger,NULL,1986-12-31 00:00:00.000,NULL,NULL,NULL,NULL,NULL,NULL
27987,28707,Breakers,NULL,1986-12-31 00:00:00.000,NULL,NULL,NULL,NULL,NULL,NULL
28178,41665,Albatross - Tournament Golf -,NULL,1986-02-01 00:00:00.000,NULL,NULL,NULL,NULL,NULL,NULL
28275,142577,Skiing,NULL,1986-12-31 00:00:00.000,NULL,NULL,NULL,NULL,NULL,NULL
28311,36658,Knuckle Busters,NULL,1986-12-31 00:00:00.000,NULL,NULL,NULL,NULL,NULL,NULL
28960,36683,Terminus: The Prison Planet,NULL,1986-12-31 00:00:00.000,NULL,NULL,NULL,NULL,NULL,NULL
29007,36675,Panther,NULL,1986-12-31 00:00:00.000,NULL,NULL,NULL,NULL,NULL,NULL
29008,37077,Chameleon,NULL,1986-12-31 00:00:00.000,NULL,NULL,NULL,NULL,NULL,NULL
29035,23045,Sanxion,NULL,1986-12-31 00:00:00.000,NULL,NULL,70.0000,1,NULL,NULL
29366,2279,Zombi,NULL,1986-12-31 00:00:00.000,2,NULL,67.6667,3,NULL,NULL
30201,83382,Zub,NULL,1986-12-31 00:00:00.000,NULL,NULL,NULL,NULL,NULL,NULL
30334,14169,Arena,NULL,1986-12-31 00:00:00.000,NULL,NULL,NULL,NULL,NULL,NULL
30581,2316,Ballyhoo,NULL,1986-12-31 00:00:00.000,NULL,NULL,NULL,NULL,NULL,NULL
31717,47214,Scary Monsters,NULL,1986-04-29 00:00:00.000,NULL,NULL,NULL,NULL,NULL,NULL
31955,36810,Aliens: The Computer Game (Activision),NULL,1986-12-31 00:00:00.000,NULL,NULL,NULL,NULL,NULL,NULL
32114,28469,Mission A.D.,NULL,1986-12-31 00:00:00.000,NULL,NULL,NULL,NULL,NULL,NULL
32606,46869,Spiker,NULL,1986-06-01 00:00:00.000,NULL,NULL,NULL,NULL,NULL,NULL
33281,171251,Vampire Castle,NULL,1986-12-31 00:00:00.000,NULL,NULL,NULL,NULL,NULL,NULL
33438,60631,Deathball,NULL,1986-12-31 00:00:00.000,NULL,NULL,NULL,NULL,NULL,NULL
34040,31188,Sherlock Holmes: The Vatican Cameos,NULL,1986-12-31 00:00:00.000,NULL,NULL,NULL,NULL,NULL,NULL
34070,36560,Vera Cruz,NULL,1986-12-31 00:00:00.000,NULL,NULL,NULL,NULL,NULL,NULL
34844,13515,Cop-Out,NULL,1986-12-31 00:00:00.000,NULL,NULL,NULL,NULL,NULL,NULL
34880,13520,Cosmic Shock Absorber,NULL,1986-12-31 00:00:00.000,NULL,NULL,NULL,NULL,NULL,NULL
34962,30210,Lap of the Gods,NULL,1986-12-31 00:00:00.000,NULL,NULL,NULL,NULL,NULL,NULL
35032,60232,Wrath Of Olympus,NULL,1986-12-31 00:00:00.000,NULL,NULL,NULL,NULL,NULL,NULL
35332,36559,Murder off Miami,NULL,1986-12-31 00:00:00.000,NULL,NULL,NULL,NULL,NULL,NULL
35588,39705,Legendary Wings,NULL,1986-12-01 00:00:00.000,NULL,NULL,NULL,NULL,NULL,NULL
36023,13474,Cerberus,NULL,1986-12-31 00:00:00.000,NULL,NULL,NULL,NULL,NULL,NULL
36292,15574,Ian Botham's Test Match,NULL,1986-12-31 00:00:00.000,NULL,NULL,NULL,NULL,NULL,NULL
36441,45627,Comical Machine Gun Joe,NULL,1986-04-21 00:00:00.000,NULL,NULL,NULL,NULL,NULL,NULL
36821,12174,Leather Goddesses of Phobos,NULL,1986-12-31 00:00:00.000,1,NULL,NULL,NULL,NULL,NULL
36840,39743,The Sydney Affair,NULL,1986-12-31 00:00:00.000,NULL,NULL,NULL,NULL,NULL,NULL
36894,13281,Academy: Tau Ceti II,NULL,1986-12-31 00:00:00.000,NULL,NULL,NULL,NULL,NULL,NULL
36939,12448,Moonmist,NULL,1986-12-31 00:00:00.000,NULL,NULL,NULL,NULL,NULL,NULL
37477,40506,Vs. Gumshoe,NULL,1986-12-31 00:00:00.000,NULL,NULL,NULL,NULL,NULL,NULL
37659,40440,Stompin',NULL,1986-06-01 00:00:00.000,NULL,NULL,NULL,NULL,NULL,NULL
38017,26235,Desert Fox,NULL,1986-12-31 00:00:00.000,NULL,NULL,NULL,NULL,NULL,NULL
38052,41067,Lock-On,NULL,1986-12-31 00:00:00.000,NULL,NULL,NULL,NULL,NULL,NULL
38763,47559,Come On Picot,NULL,1986-09-05 00:00:00.000,NULL,NULL,NULL,NULL,NULL,NULL
39372,13994,Captain Kelly,NULL,1986-12-31 00:00:00.000,NULL,NULL,NULL,NULL,NULL,NULL
39512,41439,Championship Tennis,NULL,1986-01-31 00:00:00.000,NULL,NULL,NULL,NULL,NULL,NULL
39745,84264,Nonamed,NULL,1986-12-31 00:00:00.000,NULL,NULL,NULL,NULL,NULL,NULL
39785,67701,Arcana,NULL,1986-12-31 00:00:00.000,NULL,NULL,NULL,NULL,NULL,NULL
39804,145414,1943: One Year After,NULL,1986-12-01 00:00:00.000,NULL,NULL,NULL,NULL,NULL,NULL
41442,13846,Firelord,NULL,1986-12-31 00:00:00.000,NULL,NULL,NULL,NULL,NULL,NULL
41461,40564,MaxRPM,NULL,1986-12-31 00:00:00.000,NULL,NULL,NULL,NULL,NULL,NULL
41838,57875,Mindstone,NULL,1986-12-31 00:00:00.000,NULL,NULL,NULL,NULL,NULL,NULL
42115,143810,Mafia Contract II: The Sequel,"Last year you assassinated a rival gang leader for your Boss, Don Capolla. Since then you have been his personal advisor and bodyguard. Capolla's regime is now being threatened by a powerful gang led by Vito Rossi. Capolla has gone into hiding, but not before putting out a contract on anyone he fears - including you.",1986-12-31 00:00:00.000,NULL,NULL,NULL,NULL,NULL,NULL
42133,48443,Kanshakudama Nage Kantarou no Toukaidou Gojuusan Tsugi,NULL,1986-09-03 00:00:00.000,NULL,NULL,NULL,NULL,NULL,NULL
42171,30212,I.C.U.P.S.,NULL,1986-12-31 00:00:00.000,NULL,NULL,NULL,NULL,NULL,NULL
42246,40977,Dunk Shot,NULL,1986-12-01 00:00:00.000,NULL,NULL,NULL,NULL,NULL,NULL
42589,146450,Moonrider,NULL,1986-12-31 00:00:00.000,NULL,NULL,NULL,NULL,NULL,NULL
42830,37296,Slap Fight,NULL,1986-07-01 00:00:00.000,NULL,NULL,NULL,NULL,NULL,NULL
42891,37298,Masque,NULL,1986-12-31 00:00:00.000,NULL,NULL,NULL,NULL,NULL,NULL
42956,39952,The Return of Ishtar,NULL,1986-07-08 00:00:00.000,NULL,NULL,NULL,NULL,NULL,NULL
43688,30954,Zythum,NULL,1986-09-01 00:00:00.000,NULL,NULL,NULL,NULL,NULL,NULL
43700,48589,Babel no Tou,NULL,1986-08-18 00:00:00.000,NULL,NULL,NULL,NULL,NULL,NULL
43794,41036,The Detective,NULL,1986-12-31 00:00:00.000,1,NULL,NULL,NULL,NULL,NULL
43944,37161,Thunderchopper,NULL,1986-12-31 00:00:00.000,NULL,NULL,NULL,NULL,NULL,NULL
44110,40975,Zwackery,NULL,1986-02-01 00:00:00.000,NULL,NULL,NULL,NULL,NULL,NULL
44174,4615,The Goonies,NULL,1986-02-21 00:00:00.000,1,NULL,NULL,NULL,50.1829,7
44357,186757,Wall Street Raider,NULL,1986-01-01 00:00:00.000,NULL,NULL,NULL,NULL,NULL,NULL
44514,48588,Baltron,NULL,1986-04-19 00:00:00.000,NULL,NULL,NULL,NULL,NULL,NULL
44672,58883,Keisan Game: Sansuu 2 Nen,NULL,1986-04-25 00:00:00.000,NULL,NULL,NULL,NULL,NULL,NULL
45020,13002,Glider Rider,NULL,1986-12-31 00:00:00.000,NULL,NULL,NULL,NULL,NULL,NULL
45140,13517,Core,NULL,1986-12-31 00:00:00.000,NULL,NULL,NULL,NULL,NULL,NULL
45429,38920,Lazer Wheel,NULL,1986-12-31 00:00:00.000,NULL,NULL,NULL,NULL,NULL,NULL
45611,48408,Ninja Hattori-kun: Ninja wa Syugyou de Gozaru,NULL,1986-04-05 00:00:00.000,NULL,NULL,NULL,NULL,NULL,NULL
45687,10798,Lord of the Rings: Game One,NULL,1986-12-31 00:00:00.000,NULL,NULL,NULL,NULL,NULL,NULL
45933,15584,9 Classic Card & Board Games: No. 1,NULL,1986-12-31 00:00:00.000,1,NULL,NULL,NULL,NULL,NULL
46361,15585,9 Classic Card & Board Games: No. 2,NULL,1986-12-31 00:00:00.000,NULL,NULL,NULL,NULL,NULL,NULL
46923,26349,Uridium,"The solar system is under attack! Enemy Super-Dreadnoughts have been placed in orbit around each of the fifteen planets in this galactic sector. They are draining mineral resources from the planetary cores for use in their interstellar power units. Each Super-Dreadnought seeks out a different metal for its metal converter.
Your Manta class Space Fighter will be transported to each planet in turn and it is your task to destroy each Dreadnought. First you must attack the defensive screen of enemy fighters, then you must neutralise the majority of surface defences before you land on the Super-Dreadnought's master runway. Once on board you must pull as many fuel rods as possible from the metal converters before you take off for a final strafing run as the Dreadnought vaporises into the ether.",1986-12-31 00:00:00.000,NULL,NULL,NULL,NULL,78.5627,6
47033,41758,Castle Excellent,NULL,1986-02-01 00:00:00.000,NULL,NULL,NULL,NULL,NULL,NULL
47302,40067,Genpei ToumaDen,NULL,1986-11-01 00:00:00.000,NULL,NULL,NULL,NULL,NULL,NULL
47453,40081,Lode Runner - Teikoku Karano Dasshutsu,NULL,1986-02-01 00:00:00.000,NULL,NULL,NULL,NULL,NULL,NULL
47501,36839,Kayleth,NULL,1986-12-31 00:00:00.000,NULL,NULL,NULL,NULL,NULL,NULL
47613,5874,Ravenskull,"The player is tasked with entering Baron Strieg's Castle Ravenskull in order to defend the village of Austberg and retrieve a stolen silver crucifix, which has been split into quarters and found on four different levels of the castle. 
 
The player may choose from one of four character types: an Adventurer, a Wizard, a Warrior or an Elf. The choice defines both the graphics for the character's player and the treasure pieces to be collected.",1986-03-31 00:00:00.000,1,NULL,NULL,NULL,NULL,NULL
47911,44153,Ardok the Barbarian,NULL,1986-12-31 00:00:00.000,NULL,NULL,NULL,NULL,NULL,NULL
47970,26409,The Movie Monster Game,"The gameplay is depicted on a movie screen in front of a movie theater crowd simulating an actual monster movie. Each scenario even starts off with an advertisement, (for popcorn and ""Gummi Glogs""; in the Apple II version ""Godzilla Mouthwash"" is also featured), and other attractions, (such as promotions for Epyx's own Summer Games) before the ""Feature Presentation"" of the game begins.",1986-12-31 00:00:00.000,NULL,NULL,NULL,NULL,NULL,NULL
48084,5876,Stryker's Run,NULL,1986-03-31 00:00:00.000,1,NULL,NULL,NULL,NULL,NULL
48394,60047,Winnie Witch's Superbroom,NULL,1986-12-31 00:00:00.000,NULL,NULL,NULL,NULL,NULL,NULL
48522,13583,Deep Strike,NULL,1986-12-31 00:00:00.000,NULL,NULL,NULL,NULL,NULL,NULL
48526,41748,Takahashi Meijin no Bouken-jima,NULL,1986-02-01 00:00:00.000,NULL,NULL,NULL,NULL,NULL,NULL
48586,14024,Cyrox,NULL,1986-12-31 00:00:00.000,NULL,NULL,NULL,NULL,NULL,NULL
48609,28555,Stainless Steel,NULL,1986-12-31 00:00:00.000,NULL,NULL,NULL,NULL,NULL,NULL
48756,138939,Cosa Nostra,"The world-renowned superdetective Mike Bronco was hired by the mayor of Chicago to combat and eliminate the organized crime that plagued the city in the 1920s. 
 
But it's hard work in Mike's category as he has to face off against the Big Five and their respective minions, who have dominated and terrorized the entire city.",1986-12-31 00:00:00.000,NULL,NULL,NULL,NULL,NULL,NULL
49665,11727,Chiller,NULL,1986-12-31 00:00:00.000,NULL,NULL,NULL,NULL,NULL,NULL
50609,40962,Fairlight: A Prelude,NULL,1986-02-01 00:00:00.000,NULL,NULL,NULL,NULL,NULL,NULL
50755,13368,Back to Reality,NULL,1986-12-31 00:00:00.000,NULL,NULL,NULL,NULL,NULL,NULL
50961,13285,Activator,NULL,1986-12-31 00:00:00.000,NULL,NULL,NULL,NULL,NULL,NULL
51336,38929,Pirates of the Barbary Coast,NULL,1986-12-31 00:00:00.000,NULL,NULL,NULL,NULL,NULL,NULL
51358,12616,Into the Eagle's Nest,NULL,1986-12-31 00:00:00.000,NULL,NULL,NULL,NULL,NULL,NULL
51431,171498,Top Secret,NULL,1986-12-31 00:00:00.000,NULL,NULL,NULL,NULL,NULL,NULL
51434,12600,Golden Path,NULL,1986-12-31 00:00:00.000,NULL,NULL,NULL,NULL,NULL,NULL
51995,41727,Romancia: Dragon Slayer Jr.,NULL,1986-10-01 00:00:00.000,NULL,NULL,NULL,NULL,NULL,NULL
52361,48179,Mappy-Land,NULL,1986-11-26 00:00:00.000,NULL,NULL,NULL,NULL,NULL,NULL
52499,23046,Heartland,NULL,1986-12-31 00:00:00.000,NULL,NULL,80.0000,1,NULL,NULL
52570,26296,Thunder Castle,"In this medieval fantasy game, players take control of a brave knight as he sets out on a quest of treasure hunting and survival. The quest takes the knight into three different realms of danger, each with its own challenges, and an ever changing maze which they must navigate through. The quest is broken down into these challenges:

Forest - The Knight must confront three dragons, each one more difficult than the last. Along the way, an enchanted bat will give him the strength to overcome the danger.

Castle - The Knight must overcome six wizards, his only aid being a mouse that will generally try to avoid capture.

Dungeon - A randomly appearing skull is the only defense against the nine demons that make up the sinister dungeons.

Along the way, the items that the Knight will find may be of some help (or hinder) his quest to make it through the different areas. Challenge the areas again and again for the highest score possible!",1986-06-30 00:00:00.000,NULL,NULL,NULL,NULL,NULL,NULL
52740,13339,Asterix and the Magic Cauldron,NULL,1986-12-31 00:00:00.000,NULL,NULL,NULL,NULL,NULL,NULL
53386,4605,Sqoon,"Aliens who rule the planet Neptune realize that they have run out of their primary source of nutrition, ""man-ham livestock,"" and decide to invade Earth to feed off the humans. They melt the polar ice caps, causing entire continents to sink under the ocean. The General of the Earth Defense Army begs a pirate called Narikeen to strike back at the aliens with his submarine, Sqoon. Narikeen, being of an evil nature, laughs at the pleas of the general, but reluctantly agrees to exterminate the aliens.

However in the Japanese version, the message came from the United States of America's Pentagon and the message says in Romaji:

SOS...SOS... OTOTOSEIJIN NO SHINRYAKU ARI KYSOKU NI KAIMEN JOSYOSERI SQOON SYUTSUGEKI SEYO KAITEI NI HEIWAO!

U.S.A. PENTAGON",1986-06-26 00:00:00.000,NULL,NULL,NULL,NULL,NULL,NULL
53532,63614,Tanigawa Kouji no Shogi Shinan,NULL,1986-12-31 00:00:00.000,NULL,NULL,NULL,NULL,NULL,NULL
54574,40369,The Lost Castle In Darkmist,NULL,1986-06-01 00:00:00.000,NULL,NULL,NULL,NULL,NULL,NULL
54702,36694,Mac Pro Football,NULL,1986-12-31 00:00:00.000,NULL,NULL,NULL,NULL,NULL,NULL
55307,41271,Koneko Monogatari: The Adventures of Chatran,NULL,1986-09-19 00:00:00.000,NULL,NULL,NULL,NULL,NULL,NULL
55669,36881,Rogue Trooper,NULL,1986-12-31 00:00:00.000,NULL,NULL,NULL,NULL,NULL,NULL
55733,26354,Saboteur!,NULL,1986-12-31 00:00:00.000,1,NULL,NULL,NULL,NULL,NULL
56194,26343,Sweevo's World,NULL,1986-12-31 00:00:00.000,NULL,NULL,NULL,NULL,NULL,NULL
56461,60660,Monster's Fair,"The game starts with the Shobijin being taken away by an UFO, and saying ""HELP, MOTHRA!"" The game starts with Mothra Larva hatching from an egg. She can shoot webs to stun any monster (except Godzilla and Hedorah). Mothra can walk north, south, west and east, but the screen locks after going up so Mothra cannot go to places that went offscreen. Mothra can only survive 5 hits of minimal damage, and there are only three lives. However, there are hidden power-ups that restore health that need to be shot with web to be revealed and become obtainable. It is possible to get extra lives by scoring 30,000 points.",1986-12-31 00:00:00.000,NULL,NULL,NULL,NULL,NULL,NULL
56476,12985,City Slicker,NULL,1986-12-31 00:00:00.000,NULL,NULL,NULL,NULL,NULL,NULL
56607,26379,Mind Walker,NULL,1986-12-31 00:00:00.000,NULL,NULL,NULL,NULL,NULL,NULL
56707,2293,221B Baker Street,NULL,1986-12-31 00:00:00.000,NULL,NULL,NULL,NULL,NULL,NULL
56708,20990,Mission Elevator,NULL,1986-12-31 00:00:00.000,NULL,NULL,NULL,NULL,NULL,NULL
56981,41329,Breeder,NULL,1986-12-15 00:00:00.000,NULL,NULL,NULL,NULL,NULL,NULL
57698,6048,Side Pocket,NULL,1986-06-01 00:00:00.000,2,NULL,NULL,NULL,79.7969,6
57713,37085,Legions of Death,NULL,1986-12-31 00:00:00.000,NULL,NULL,NULL,NULL,NULL,NULL
57770,36919,Erebus,NULL,1986-12-31 00:00:00.000,NULL,NULL,NULL,NULL,NULL,NULL
57794,2887,Swords of Glass,NULL,1986-12-31 00:00:00.000,NULL,NULL,NULL,NULL,NULL,NULL
57799,28823,Lightforce,NULL,1986-12-31 00:00:00.000,NULL,NULL,NULL,NULL,NULL,NULL
57888,54641,The Spy's Adventures in North America,NULL,1986-12-31 00:00:00.000,NULL,NULL,NULL,NULL,NULL,NULL
58379,5437,Silpheed,NULL,1986-12-31 00:00:00.000,NULL,NULL,NULL,NULL,NULL,NULL
58458,13748,Psycastria,NULL,1986-12-31 00:00:00.000,NULL,NULL,NULL,NULL,NULL,NULL
58649,72097,Lucifer's Kingdom,NULL,1986-12-31 00:00:00.000,NULL,NULL,NULL,NULL,NULL,NULL
58669,58251,Psi Chess,NULL,1986-12-31 00:00:00.000,NULL,NULL,NULL,NULL,NULL,NULL
58881,46863,Clash-Road,NULL,1986-06-01 00:00:00.000,NULL,NULL,NULL,NULL,NULL,NULL
59337,13512,Con-Quest,NULL,1986-12-31 00:00:00.000,NULL,NULL,NULL,NULL,NULL,NULL
59448,8159,Masters of the Universe: The Super Adventure,NULL,1986-12-31 00:00:00.000,NULL,NULL,NULL,NULL,NULL,NULL
59811,31179,Winter Wonderland,NULL,1986-12-31 00:00:00.000,NULL,NULL,NULL,NULL,NULL,NULL
59858,39994,UFO Robo Dangar,NULL,1986-10-01 00:00:00.000,NULL,NULL,NULL,NULL,NULL,NULL
59912,1873,Defender of the Crown,NULL,1986-01-01 00:00:00.000,3,NULL,NULL,NULL,70.5770,20
60028,36563,Murder on the Atlantic,NULL,1986-12-31 00:00:00.000,NULL,NULL,NULL,NULL,NULL,NULL
60860,38619,Breywood,NULL,1986-12-01 00:00:00.000,NULL,NULL,NULL,NULL,NULL,NULL
60960,41301,Ginga Denshou: Galaxy Oddyssey,NULL,1986-11-06 00:00:00.000,NULL,NULL,NULL,NULL,NULL,NULL
61071,38033,Deceptor,NULL,1986-12-31 00:00:00.000,NULL,NULL,NULL,NULL,NULL,NULL
61100,31184,Dracula,NULL,1986-12-31 00:00:00.000,NULL,NULL,NULL,NULL,NULL,NULL
61241,13450,Bugsy,NULL,1986-12-31 00:00:00.000,NULL,NULL,NULL,NULL,NULL,NULL
61404,36583,Gemstone Healer,NULL,1986-12-31 00:00:00.000,NULL,NULL,NULL,NULL,NULL,NULL
61684,13586,Defcom,NULL,1986-12-31 00:00:00.000,NULL,NULL,NULL,NULL,NULL,NULL
61724,45383,Terebi Oekaki,NULL,1986-02-01 00:00:00.000,NULL,NULL,NULL,NULL,NULL,NULL
61825,14005,Claws of Despair,NULL,1986-12-31 00:00:00.000,NULL,NULL,NULL,NULL,NULL,NULL
62021,37176,Astro Warrior,NULL,1986-12-14 00:00:00.000,1,NULL,NULL,NULL,NULL,NULL
62048,36586,High Roller,NULL,1986-12-31 00:00:00.000,NULL,NULL,NULL,NULL,NULL,NULL
62379,40500,Transformer,NULL,1986-06-07 00:00:00.000,NULL,NULL,NULL,NULL,NULL,NULL
62458,12360,Knight Tyme,NULL,1986-12-31 00:00:00.000,NULL,NULL,NULL,NULL,NULL,NULL
62459,13933,Abu Simbel Profanation,NULL,1986-02-01 00:00:00.000,NULL,NULL,NULL,NULL,NULL,NULL
62600,36593,Star Trek: The Promethean Prophecy,NULL,1986-12-31 00:00:00.000,1,NULL,NULL,NULL,NULL,NULL
62780,41799,Bomber Man Special,"You bomb walls, pick up some power-ups, bomb some enemies, and bomb some more, to advance to the next level.",1986-10-05 00:00:00.000,NULL,NULL,NULL,NULL,NULL,NULL
62922,9052,Athena,"The princess Athena of the heavenly kingdom of Victory was bored of the monotonous life of the palace and goes to seek adventure, opening the door that is not supposed to be opened. She falls from the skies (losing her dress in the process) and enters the Fantasy World, controlled by Dante. Athena must defeat a number of beast-like warriors and dangers in order to eventually defeat Dante, free Fantasy World, and return to her own kingdom.",1986-12-31 00:00:00.000,NULL,NULL,NULL,NULL,58.5854,9
62977,41453,Super Pro Football,NULL,1986-02-01 00:00:00.000,NULL,NULL,NULL,NULL,NULL,NULL
63020,26410,Destroyer,NULL,1986-12-31 00:00:00.000,NULL,NULL,NULL,NULL,NULL,NULL
63043,14150,8 Ball,NULL,1986-12-31 00:00:00.000,NULL,NULL,NULL,NULL,NULL,NULL
63427,46868,Hexa,NULL,1986-02-01 00:00:00.000,NULL,NULL,NULL,NULL,NULL,NULL
63692,28850,Alleykat,NULL,1986-12-31 00:00:00.000,NULL,NULL,NULL,NULL,NULL,NULL
64007,26452,Intrigue!,NULL,1986-12-31 00:00:00.000,NULL,NULL,NULL,NULL,NULL,NULL
64435,13334,Arquimedes XXI,NULL,1986-12-31 00:00:00.000,NULL,NULL,NULL,NULL,NULL,NULL
65121,41319,ZANAC,NULL,1986-11-28 00:00:00.000,NULL,NULL,NULL,NULL,NULL,NULL
65277,39502,Tehkan World Cup,NULL,1986-01-25 00:00:00.000,NULL,NULL,NULL,NULL,NULL,NULL
65307,30209,Universal Hero,NULL,1986-12-31 00:00:00.000,NULL,NULL,NULL,NULL,NULL,NULL
65712,14078,Freedom Fighter,NULL,1986-12-31 00:00:00.000,NULL,NULL,NULL,NULL,NULL,NULL
65919,81527,The Black Bass,NULL,1986-12-31 00:00:00.000,NULL,NULL,NULL,NULL,NULL,NULL
66430,41782,Daisenryaku,NULL,1986-02-01 00:00:00.000,NULL,NULL,NULL,NULL,NULL,NULL
66439,159066,Liberator,"You are mankinds only hope as huge Motherships and their fighters from the Anconian Fleet are poised to attack and you must destroy them all. In this top view horizontal scrolling shooter you must fly your spacecraft over the surface of each Mothership, blasting the enemy fighters before attempting to destroy their reactor. As you fly you must avoid or blast the fighters, gun placements, and avoid any obstacles and if you touch any or are shot then you lose one of five lives. At the end of your run over the Mothership is the reactor and you must destroy the force fields before destroying a huge ship protecting the reactor. once destroyed you move on to the next Mothership.",1986-01-02 00:00:00.000,NULL,NULL,NULL,NULL,NULL,NULL
66450,73806,From the Legend of Balubalouk: Aigiina no Yogen,NULL,1986-11-21 00:00:00.000,NULL,NULL,NULL,NULL,NULL,NULL
66549,15234,Jewels of Darkness,NULL,1986-12-31 00:00:00.000,NULL,NULL,NULL,NULL,NULL,NULL
66556,36751,Make Your Own Murder Party,NULL,1986-12-31 00:00:00.000,NULL,NULL,NULL,NULL,NULL,NULL
66584,41285,Gal Force: Eternal Story,NULL,1986-12-10 00:00:00.000,NULL,NULL,NULL,NULL,NULL,NULL
66614,41278,Dead Zone,NULL,1986-11-19 00:00:00.000,NULL,NULL,NULL,NULL,NULL,NULL
67127,60247,Killapede,NULL,1986-12-31 00:00:00.000,NULL,NULL,NULL,NULL,NULL,NULL
67149,13427,Boulder Dash III,NULL,1986-12-31 00:00:00.000,NULL,NULL,NULL,NULL,NULL,NULL
67183,53925,L'Affaire...,NULL,1986-12-31 00:00:00.000,NULL,NULL,NULL,NULL,NULL,NULL
67184,47241,GEOS,NULL,1986-02-01 00:00:00.000,NULL,NULL,NULL,NULL,NULL,NULL
67296,41374,I Am A Teacher: Teami no Kiso,NULL,1986-09-26 00:00:00.000,NULL,NULL,NULL,NULL,NULL,NULL
67310,12823,Where in the U.S.A. is Carmen Sandiego?,NULL,1986-12-31 00:00:00.000,2,NULL,NULL,NULL,NULL,NULL
67773,47142,The Survivors,NULL,1986-12-31 00:00:00.000,NULL,NULL,NULL,NULL,NULL,NULL
67855,39989,Kyros,NULL,1986-12-31 00:00:00.000,NULL,NULL,NULL,NULL,NULL,NULL
68035,2051,OutRun,NULL,1986-09-25 00:00:00.000,10,NULL,NULL,NULL,73.9579,56
68253,40167,Rafflesia,NULL,1986-02-08 00:00:00.000,NULL,NULL,NULL,NULL,NULL,NULL
68353,14063,Falklands 82,NULL,1986-12-31 00:00:00.000,NULL,NULL,NULL,NULL,NULL,NULL
68385,39110,Cobra's Arc,NULL,1986-12-31 00:00:00.000,NULL,NULL,NULL,NULL,NULL,NULL
68628,5560,Wonder Boy,NULL,1986-12-31 00:00:00.000,2,NULL,NULL,NULL,69.1870,20
69088,40398,Prebillian,NULL,1986-06-01 00:00:00.000,NULL,NULL,NULL,NULL,NULL,NULL
69091,40969,Nekketsu Kouha Kunio-kun,NULL,1986-06-05 00:00:00.000,NULL,NULL,NULL,NULL,NULL,NULL
69096,36532,Warhawk,NULL,1986-12-31 00:00:00.000,NULL,NULL,NULL,NULL,NULL,NULL
69318,36918,Sepulcri,NULL,1986-12-31 00:00:00.000,NULL,NULL,NULL,NULL,NULL,NULL
69357,41773,Zanac-Ex,NULL,1986-02-01 00:00:00.000,NULL,NULL,NULL,NULL,NULL,NULL
69433,36904,Sky Runner,NULL,1986-12-31 00:00:00.000,NULL,NULL,NULL,NULL,NULL,NULL
69543,47205,Ronald Rubberduck,NULL,1986-02-01 00:00:00.000,NULL,NULL,NULL,NULL,NULL,NULL
69600,28473,Fist 2: The Legend Continues,NULL,1986-12-31 00:00:00.000,NULL,NULL,NULL,NULL,NULL,NULL
69910,48551,Volguard II,NULL,1986-01-07 00:00:00.000,NULL,NULL,NULL,NULL,NULL,NULL
70015,48555,Urusei Yatsura: Lum's Wedding Bell,NULL,1986-11-23 00:00:00.000,NULL,NULL,NULL,NULL,NULL,NULL
70201,8562,177,NULL,1986-12-31 00:00:00.000,NULL,NULL,NULL,NULL,NULL,NULL
70342,4594,Adventure Island,"The player controls Master Higgins, a young man who ventured to Adventure Island in the South Pacific after hearing that the Evil Witch Doctor kidnapped Princess Leilani. To rescue her, Higgins must survive a series of 32 stages. There are eight worlds called ""areas"", which are divided four stages or ""rounds"" each, which are further divided into four checkpoints. When the player reaches the fourth round of each area, he must confront a boss at the end to continue to the next area. The game is completed when the player saves the girl after defeating the eighth and final form of the evil lord.",1986-09-12 00:00:00.000,9,NULL,NULL,NULL,66.7951,56
70484,39993,Trojan,NULL,1986-12-24 00:00:00.000,NULL,NULL,NULL,NULL,NULL,NULL
70640,46142,Great Ice Hockey,NULL,1986-12-31 00:00:00.000,NULL,NULL,NULL,NULL,NULL,NULL
70668,40531,Mighty Bomb Jack,NULL,1986-04-24 00:00:00.000,NULL,NULL,NULL,NULL,60.0000,3
70685,1066,Super Mario Bros.: The Lost Levels,"One day, the peaceful kingdom where the mushroom people live was invaded by the clan of the huge turtle Bowser, who possesses powerful magic. Said magic turned the harmless mushroom people into rocks, bricks, and plants, and the Mushroom Kingdom fell into ruin. The only one who can break the magic spell and revive the mushroom people is the Mushroom Kingdom's Princess Toadstool, but she's now a prisoner of the great sorcerer king Bowser. But Mario has stood up and raised his hand, ready to defeat the members of the turtle clan, rescue Princess Peach, and once again restore peace to the Mushroom Kingdom.",1986-06-03 00:00:00.000,18,NULL,NULL,NULL,74.3171,90
71119,13422,Bomb Scare,NULL,1986-12-31 00:00:00.000,NULL,NULL,NULL,NULL,NULL,NULL
71182,180455,Konyok-Gorbunok,NULL,1986-12-31 00:00:00.000,NULL,NULL,NULL,NULL,NULL,NULL
71260,58880,Keisan Game: Sansuu 3 Nen,NULL,1986-04-25 00:00:00.000,NULL,NULL,NULL,NULL,NULL,NULL
71536,26153,Conflict in Vietnam,NULL,1986-12-31 00:00:00.000,NULL,NULL,NULL,NULL,NULL,NULL
71820,13329,The Archers,NULL,1986-12-31 00:00:00.000,NULL,NULL,NULL,NULL,NULL,NULL
71910,26395,Cyberun,NULL,1986-12-31 00:00:00.000,NULL,NULL,NULL,NULL,NULL,NULL
72165,13089,Universe II,NULL,1986-12-31 00:00:00.000,NULL,NULL,NULL,NULL,NULL,NULL
72260,26390,Hunchback: The Adventure,NULL,1986-12-31 00:00:00.000,NULL,NULL,NULL,NULL,NULL,NULL
72306,94664,Colossus 4 Chess,NULL,1986-12-31 00:00:00.000,NULL,NULL,NULL,NULL,NULL,NULL
72320,57133,Ultron,NULL,1986-12-31 00:00:00.000,NULL,NULL,NULL,NULL,NULL,NULL
72409,6684,Fantasy Zone,NULL,1986-03-20 00:00:00.000,2,NULL,NULL,NULL,79.5078,13
72485,18022,R.B.I. Baseball,NULL,1986-12-31 00:00:00.000,2,NULL,NULL,NULL,NULL,NULL
72759,48240,Star Soldier,NULL,1986-06-13 00:00:00.000,NULL,NULL,NULL,NULL,60.0763,9
72795,26477,The Very Big Cave Adventure,NULL,1986-12-31 00:00:00.000,NULL,NULL,NULL,NULL,NULL,NULL
73390,13979,Bounces,NULL,1986-12-31 00:00:00.000,NULL,NULL,NULL,NULL,NULL,NULL
73456,3663,Kid Icarus,"The game is set in Angel Land, which is a fantasy world with a Greek mythology theme. The backstory of Kid Icarus is described in the instruction booklet: before the events of the game, Earth was ruled by Palutena: Goddess of Light and Medusa: Goddess of Darkness. Palutena bestowed the people with light to make them happy. Medusa hated the humans, dried up their crop, and turned them to stone. Enraged by this, Palutena transformed Medusa into a monster and banished her to the Underworld. Out of revenge, Medusa conspired with the monsters of the Underworld to take over Palutena's residence the Palace in the Sky. She launched a surprise attack, and stole the three sacred treasures — the Mirror Shield, the Light Arrows and the Wings of Pegasus — which deprived Palutena's army of its power. After her soldiers had been turned to stone by Medusa, Palutena was defeated in battle and imprisoned deep inside the Palace in the Sky.

With her last power, she sent a bow and arrow to the young angel Pit. He escapes from his prison in the Underworld and sets out to save Palutena and Angel Land. Throughout the course of the story, Pit retrieves the three sacred treasures from the fortress gatekeepers at their respective fortresses in the Underworld, the Overworld, and the Skyworld. Afterward, he equips himself with the treasures and storms the sky temple where he defeats Medusa and rescues Palutena. The game has five different endings; depending on the player's performance, Palutena may present Pit with headgear or transform him into a full-grown angel.",1986-12-19 00:00:00.000,12,NULL,NULL,NULL,71.4425,44
73841,60259,Street Machine,NULL,1986-12-31 00:00:00.000,NULL,NULL,NULL,NULL,NULL,NULL
73866,28384,Solomon's Key,NULL,1986-07-30 00:00:00.000,2,NULL,NULL,NULL,72.4364,12
74116,48081,Milon's Secret Castle,NULL,1986-11-13 00:00:00.000,NULL,NULL,NULL,NULL,59.3948,9
74468,13478,Championship Sprint,NULL,1986-02-01 00:00:00.000,NULL,NULL,NULL,NULL,NULL,NULL
74561,48417,Musashi no Ken: Tadaima Shugyou Chuu,NULL,1986-09-08 00:00:00.000,NULL,NULL,NULL,NULL,NULL,NULL
74567,48416,Nagagutsu o Haita Neko: Sekai Isshuu 80 Nichi Dai Bouken,NULL,1986-12-21 00:00:00.000,NULL,NULL,NULL,NULL,NULL,NULL
74801,15237,The Karate Kid Part II,NULL,1986-12-31 00:00:00.000,NULL,NULL,NULL,NULL,NULL,NULL
74929,13386,Battle of the Planets,NULL,1986-12-31 00:00:00.000,NULL,NULL,NULL,NULL,NULL,NULL
75316,13012,Los Angeles SWAT,NULL,1986-12-31 00:00:00.000,NULL,NULL,NULL,NULL,NULL,NULL
75526,39061,Samantha Fox Strip Poker,NULL,1986-02-01 00:00:00.000,NULL,NULL,NULL,NULL,NULL,NULL
75722,13456,By Fair Means or Foul,NULL,1986-12-31 00:00:00.000,NULL,NULL,NULL,NULL,NULL,NULL
75801,37330,Noboranka,NULL,1986-02-01 00:00:00.000,NULL,NULL,NULL,NULL,NULL,NULL
75968,63589,Hottaaman no Chitei Tanken,NULL,1986-12-06 00:00:00.000,NULL,NULL,NULL,NULL,NULL,NULL
76283,38551,Toypop,NULL,1986-12-31 00:00:00.000,NULL,NULL,NULL,NULL,NULL,NULL
76336,39551,Fire Trap,NULL,1986-07-01 00:00:00.000,NULL,NULL,NULL,NULL,NULL,NULL
76525,26437,Knight Games,NULL,1986-12-31 00:00:00.000,NULL,NULL,NULL,NULL,NULL,NULL
77112,6089,Champion Kendo,NULL,1986-12-31 00:00:00.000,NULL,NULL,NULL,NULL,NULL,NULL
77673,31182,Nuclear Embargo,NULL,1986-12-31 00:00:00.000,NULL,NULL,NULL,NULL,NULL,NULL
78576,22517,Trailblazer,NULL,1986-12-31 00:00:00.000,NULL,NULL,70.0000,1,NULL,NULL
78610,26344,Yabba Dabba Doo!,NULL,1986-12-31 00:00:00.000,NULL,NULL,NULL,NULL,NULL,NULL
78700,39710,Athena In Wonderland,NULL,1986-07-01 00:00:00.000,NULL,NULL,NULL,NULL,NULL,NULL
78860,36670,Strike Force: Cobra,NULL,1986-12-31 00:00:00.000,NULL,NULL,NULL,NULL,NULL,NULL
79096,12962,R.M.S. Titanic,NULL,1986-12-31 00:00:00.000,NULL,NULL,NULL,NULL,NULL,NULL
79176,15685,Bozo the Brave,NULL,1986-12-31 00:00:00.000,NULL,NULL,NULL,NULL,NULL,NULL
79248,28440,Redhawk,NULL,1986-12-31 00:00:00.000,NULL,NULL,NULL,NULL,NULL,NULL
79388,28460,Super Cycle,NULL,1986-12-31 00:00:00.000,NULL,NULL,NULL,NULL,NULL,NULL
79652,28461,W.A.R.,NULL,1986-12-31 00:00:00.000,NULL,NULL,NULL,NULL,NULL,NULL
79654,36540,Nightmare Rally,NULL,1986-12-31 00:00:00.000,NULL,NULL,NULL,NULL,NULL,NULL
79769,2884,Shard of Spring,NULL,1986-12-31 00:00:00.000,NULL,NULL,NULL,NULL,NULL,NULL
80108,41265,Youkai Yashiki,NULL,1986-12-31 00:00:00.000,1,NULL,NULL,NULL,NULL,NULL
80203,1114,Castlevania,NULL,1986-09-26 00:00:00.000,63,NULL,NULL,NULL,78.4612,229
80503,8667,The King of Chicago,NULL,1986-12-31 00:00:00.000,NULL,NULL,NULL,NULL,NULL,NULL
80799,52195,Stinger,NULL,1986-11-21 00:00:00.000,NULL,NULL,59.0000,1,NULL,NULL
81132,97461,Casablanca ni Ai o: Satsujinsha wa Jikū o Koete,"The year is 1945. Jerry Randolph, a female reporter working for the Chicago newspaper ""Daily Casablanca"", finds a diary belonging to her high school friend May Elgar, who has disappeared several years ago under mysterious circumstances. Jerry discovers that May's father was working on a groundbreaking scientific project. Too late to save Dr. Elgar from untimely death, Jerry uses a time machine constructed by him to travel to 1916, following the traces left by the criminals.",1986-12-31 00:00:00.000,NULL,NULL,NULL,NULL,NULL,NULL
81152,28441,Seabase Delta,NULL,1986-12-31 00:00:00.000,NULL,NULL,NULL,NULL,NULL,NULL
81211,95442,Network,NULL,1986-12-31 00:00:00.000,NULL,NULL,NULL,NULL,NULL,NULL
82189,111660,The Red Baron,NULL,1986-12-31 00:00:00.000,NULL,NULL,NULL,NULL,NULL,NULL
82493,47523,Mole Mole,NULL,1986-02-01 00:00:00.000,NULL,NULL,NULL,NULL,NULL,NULL
82517,3283,Star Voyager,NULL,1986-12-23 00:00:00.000,NULL,NULL,NULL,NULL,NULL,NULL
82682,13469,Cauldron II: The Pumpkin Strikes Back,NULL,1986-12-31 00:00:00.000,NULL,NULL,NULL,NULL,NULL,NULL
83018,36789,Valis: The Fantasm Soldier,"Yuko Asou is a schoolgirl in late 1980s Japan who is fated to protect three different realms – our own Earth, the land of spirits, and Vecanti, the Dream World – by wielding a mystical sword known as Valis. Demon lord Rogles extinguishes a light in Vecanti which functions as a source of power for those who live there, and in a desperate plea for salvation, its queen Valia reaches out for a brave soul who can help them in their time of despair. Yuko on Earth is the one who answers the call, being summoned by magical forces into Vecanti to liberate them from the evil of Rogles.",1986-12-01 00:00:00.000,NULL,NULL,NULL,NULL,NULL,NULL
83111,13508,The Colour of Magic,NULL,1986-12-31 00:00:00.000,NULL,NULL,NULL,NULL,NULL,NULL
83175,82510,Thunder Ceptor,NULL,1986-12-31 00:00:00.000,NULL,NULL,NULL,NULL,NULL,NULL
83227,28698,Operation Hongkong,NULL,1986-12-31 00:00:00.000,NULL,NULL,NULL,NULL,NULL,NULL
83294,146255,3D Thunder Ceptor II,NULL,1986-12-31 00:00:00.000,NULL,NULL,NULL,NULL,NULL,NULL
83320,40422,Robo Wrestle 2001,NULL,1986-06-01 00:00:00.000,NULL,NULL,NULL,NULL,NULL,NULL
83595,142518,N.E.X.O.R.,NULL,1986-12-31 00:00:00.000,NULL,NULL,NULL,NULL,NULL,NULL
83598,142517,Johnny Reb II,NULL,1986-12-31 00:00:00.000,NULL,NULL,NULL,NULL,NULL,NULL
83743,40460,Super Stingray,NULL,1986-06-02 00:00:00.000,NULL,NULL,NULL,NULL,NULL,NULL
83885,13617,Dynamite Dan II,NULL,1986-12-31 00:00:00.000,NULL,NULL,NULL,NULL,NULL,NULL
83914,60037,Tank Attack,NULL,1986-12-31 00:00:00.000,NULL,NULL,NULL,NULL,NULL,NULL
84154,13931,1942 Mission,NULL,1986-03-31 00:00:00.000,NULL,NULL,NULL,NULL,NULL,NULL
84208,48394,Super Star Force: Jikūreki no Himitsu,NULL,1986-11-11 00:00:00.000,NULL,NULL,NULL,NULL,NULL,NULL
84406,61847,Marksman Shooting/Trap Shooting/Safari Hunt,NULL,1986-06-30 00:00:00.000,NULL,NULL,NULL,NULL,NULL,NULL
84424,39407,Speed Rumbler,NULL,1986-09-01 00:00:00.000,NULL,NULL,NULL,NULL,NULL,NULL
84446,5675,Hover Force,NULL,1986-12-31 00:00:00.000,NULL,NULL,NULL,NULL,NULL,NULL
84705,9104,Athletic World,"Athletic World simulated five different Olympic-style challenges: Hurdles, Hop-A-Log, Animal Trail, Rafting, and Dark Tunnel. The game was marketed as ""an athletic training camp - in your own home! Fitness is just a hop, skip, and a jump away with ATHLETIC WORLD - the video game that's controlled by the movements of YOUR body! Test your athletic ability on Bandai's five challenging events as you move up the difficulty scale from Training to Beginner to Expert! Staying in shape never felt so good - or was quite so much fun!""",1986-11-12 00:00:00.000,NULL,NULL,NULL,NULL,NULL,NULL
84820,122647,Flight Deck II,NULL,1986-12-31 00:00:00.000,NULL,NULL,NULL,NULL,NULL,NULL
84878,48667,Aigiina No Yogen: Balubalouk No Densetsu Yori,NULL,1986-12-21 00:00:00.000,NULL,NULL,NULL,NULL,NULL,NULL
84909,40538,Vs. Super Sky Kid,NULL,1986-06-01 00:00:00.000,NULL,NULL,NULL,NULL,NULL,NULL
84911,41246,I Am a Teacher: Super Mario Sweater,NULL,1986-08-27 00:00:00.000,NULL,NULL,NULL,NULL,NULL,NULL
85497,37029,Phantomas,NULL,1986-12-31 00:00:00.000,NULL,NULL,NULL,NULL,NULL,NULL
85574,47526,Miracle Warriors: Seal of the Dark Lord,NULL,1986-11-01 00:00:00.000,NULL,NULL,NULL,NULL,NULL,NULL
85784,38651,Get Star,NULL,1986-12-31 00:00:00.000,NULL,NULL,NULL,NULL,NULL,NULL
86164,37158,Wargame Construction Set,NULL,1986-12-31 00:00:00.000,NULL,NULL,NULL,NULL,NULL,NULL
86572,36687,Thanatos,NULL,1986-12-31 00:00:00.000,NULL,NULL,NULL,NULL,NULL,NULL
86828,29033,MagMax,NULL,1986-03-18 00:00:00.000,NULL,NULL,NULL,NULL,NULL,NULL
87045,74158,Hokuto No Ken,NULL,1986-05-01 00:00:00.000,NULL,NULL,NULL,NULL,NULL,NULL
87066,8666,S.D.I.,NULL,1986-12-31 00:00:00.000,NULL,NULL,NULL,NULL,NULL,NULL
87237,6568,Atlantis no Nazo,"Several years ago, a gigantic island arose from the southern Atlantic Ocean due to sudden shifts on the Earth's surface. Numerous adventurers made their way to the island to investigate, but none of them were able to return home safely. This island was named Atlantis, and nobody approached it out of fear. The game's main character is an amateur adventurer named Wynn, who decides to go to the island after learning that his master disappeared on the island over half a year ago. Armed with the special dynamite invented by the master, Wynn heads over to Atlantis all by himself to face an evil emperor who seeks to revive an ancient empire.",1986-04-17 00:00:00.000,1,NULL,NULL,NULL,NULL,NULL
87603,85748,Sgrizam,NULL,1986-12-31 00:00:00.000,NULL,NULL,NULL,NULL,NULL,NULL
88238,131904,SRAM,NULL,1986-12-31 00:00:00.000,NULL,NULL,NULL,NULL,NULL,NULL
88338,40282,Clay Pigeon,NULL,1986-06-01 00:00:00.000,NULL,NULL,NULL,NULL,NULL,NULL
88426,28708,Battlefront,NULL,1986-12-31 00:00:00.000,NULL,NULL,NULL,NULL,NULL,NULL
88947,36860,P.O.D.: Proof of Destruction,NULL,1986-12-31 00:00:00.000,NULL,NULL,NULL,NULL,NULL,NULL
88963,48543,Bird Week,NULL,1986-07-13 00:00:00.000,NULL,NULL,NULL,NULL,NULL,NULL
89021,58881,Keisan Game: Sansuu 1 Nen,NULL,1986-04-25 00:00:00.000,NULL,NULL,NULL,NULL,NULL,NULL
89121,26215,Street Hawk,NULL,1986-12-31 00:00:00.000,NULL,NULL,NULL,NULL,NULL,NULL
89166,41198,Monkey Business,NULL,1986-02-01 00:00:00.000,NULL,NULL,NULL,NULL,NULL,NULL
89357,30213,Nuclear Heist,NULL,1986-12-31 00:00:00.000,NULL,NULL,NULL,NULL,NULL,NULL
89422,48540,Bokosuka Wars,NULL,1986-01-14 00:00:00.000,NULL,NULL,NULL,NULL,NULL,NULL
89623,84467,The Adventures of Alice who Went Through the Looking-Glass and Came Back Though Not Much Changed,NULL,1986-03-31 00:00:00.000,NULL,NULL,NULL,NULL,NULL,NULL
89738,31181,Room Ten,NULL,1986-12-31 00:00:00.000,NULL,NULL,NULL,NULL,NULL,NULL
90081,40943,FireTrap,NULL,1986-12-31 00:00:00.000,NULL,NULL,NULL,NULL,NULL,NULL
90148,26414,Nexus,NULL,1986-12-31 00:00:00.000,1,NULL,NULL,NULL,NULL,NULL
90222,60608,Xenon Ranger,NULL,1986-12-31 00:00:00.000,NULL,NULL,NULL,NULL,NULL,NULL
90634,28696,Project Nova,NULL,1986-12-31 00:00:00.000,NULL,NULL,NULL,NULL,NULL,NULL
90841,37068,Mega-Bucks,NULL,1986-12-31 00:00:00.000,NULL,NULL,NULL,NULL,NULL,NULL
91044,41375,The Goonies,NULL,1986-12-31 00:00:00.000,NULL,NULL,NULL,NULL,NULL,NULL
91161,4699,Double Dribble,NULL,1986-12-31 00:00:00.000,2,NULL,NULL,NULL,71.0951,12
91197,14113,Hive,NULL,1986-12-31 00:00:00.000,NULL,NULL,NULL,NULL,NULL,NULL
91720,2373,10th Frame,NULL,1986-12-31 00:00:00.000,1,NULL,NULL,NULL,NULL,NULL
91868,12963,Rambo: First Blood Part II,NULL,1986-12-31 00:00:00.000,NULL,NULL,NULL,NULL,NULL,NULL
92098,172019,Donkey Kong,Donkey Kong has kidnapped the beautiful Lady and taken her to a dangerous construction site. Mario must climb to the top of the construction site and rescue Lady from the giant ape.,1986-07-10 00:00:00.000,NULL,NULL,NULL,NULL,NULL,NULL
92724,26436,Max Headroom,NULL,1986-12-31 00:00:00.000,NULL,NULL,NULL,NULL,NULL,NULL
92853,26480,Strike Force Harrier,NULL,1986-12-31 00:00:00.000,1,NULL,NULL,NULL,NULL,NULL
93198,28436,Spiky Harold,NULL,1986-12-31 00:00:00.000,NULL,NULL,NULL,NULL,NULL,NULL
93371,14546,Portal,NULL,1986-11-01 00:00:00.000,2,NULL,80.0000,0,83.3322,4
93802,13878,Hollywood or Bust,NULL,1986-12-31 00:00:00.000,NULL,NULL,NULL,NULL,NULL,NULL
94065,26479,Rebel Planet,NULL,1986-12-31 00:00:00.000,NULL,NULL,NULL,NULL,NULL,NULL
94152,13879,Hoodoo Voodoo,NULL,1986-12-31 00:00:00.000,NULL,NULL,NULL,NULL,NULL,NULL
94311,40170,Soldier Girl Amazon,NULL,1986-02-22 00:00:00.000,NULL,NULL,NULL,NULL,NULL,NULL
94525,41232,Deep Dungeon: Madou Senki,NULL,1986-12-18 00:00:00.000,NULL,NULL,NULL,NULL,NULL,NULL
94540,37079,Livingstone Supongo,NULL,1986-12-31 00:00:00.000,NULL,NULL,NULL,NULL,NULL,NULL
94769,2889,Larn,NULL,1986-12-31 00:00:00.000,NULL,NULL,NULL,NULL,NULL,NULL
95085,48233,Super Pitfall,NULL,1986-09-05 00:00:00.000,NULL,NULL,NULL,NULL,22.1864,5
95204,41789,Moai No Hihō,NULL,1986-02-01 00:00:00.000,NULL,NULL,NULL,NULL,NULL,NULL
95442,28458,The Price of Magik,NULL,1986-12-31 00:00:00.000,NULL,NULL,NULL,NULL,NULL,NULL
95455,28715,Lunar Explorer,NULL,1986-12-31 00:00:00.000,NULL,NULL,NULL,NULL,NULL,NULL
95542,28485,Molecule Man,NULL,1986-12-31 00:00:00.000,NULL,NULL,NULL,NULL,NULL,NULL
95862,146451,Argo,"Loosely based on the Greek myth of the Argonauts, Argo focuses on its central protagonist Iason (Jason), narrating a simple story that does not quite correspond to the known myth: Iason's father has been poisoned, and his native city Iolkos overrun by monsters known as Pontos. Iason must single-handedly eliminate them and save his homeland.",1986-12-01 00:00:00.000,NULL,NULL,NULL,NULL,NULL,NULL
96218,12778,Starglider,NULL,1986-12-31 00:00:00.000,NULL,NULL,NULL,NULL,NULL,NULL
96256,36556,Tremor,NULL,1986-12-31 00:00:00.000,NULL,NULL,NULL,NULL,NULL,NULL
96839,12114,GBA Championship Basketball: Two-on-Two,NULL,1986-12-31 00:00:00.000,NULL,NULL,NULL,NULL,NULL,NULL
96913,36565,After Shock,NULL,1986-12-31 00:00:00.000,1,NULL,NULL,NULL,NULL,NULL
97140,37075,Fat Worm Blows a Sparky,NULL,1986-12-31 00:00:00.000,NULL,NULL,NULL,NULL,NULL,NULL
97182,7517,Labyrinth: The Computer Game,NULL,1986-12-31 00:00:00.000,NULL,NULL,NULL,NULL,50.7104,5
97234,52196,Awesome Earl in SkateRock,NULL,1986-12-31 00:00:00.000,NULL,NULL,NULL,NULL,NULL,NULL
97387,36653,Hypaball,NULL,1986-12-31 00:00:00.000,NULL,NULL,NULL,NULL,NULL,NULL
97612,41012,Winter Events,NULL,1986-10-01 00:00:00.000,NULL,NULL,NULL,NULL,NULL,NULL
97730,36674,Conquestador,NULL,1986-12-31 00:00:00.000,NULL,NULL,NULL,NULL,NULL,NULL
98084,26430,Turbo Esprit,NULL,1986-12-31 00:00:00.000,NULL,NULL,NULL,NULL,NULL,NULL
98609,141705,Obsidian,"The crew of the Obsidian have temporarily abandoned the vessel in order to allow it to pass through a black hole. The Obsidian's internal systems are capable of withstanding the black hole, but the station cannot shield its human inhabitants from the gravitational forces. The crew have taken refuge in a smaller craft which has been shielded, intending to return to the Obsidian when both vessels have passed through the black hole.[4] A radiation storm has damaged the Obsidian's engine protection systems and erased its flight path, leaving the station drifting towards the black hole where it will be destroyed. Only one member of the crew has the skills necessary to return to the Obsidian and prepare it to pass through the black hole, this is the game's player character. The astronaut is forced to contend with the Obsidian's re-activated security system which has resulted in security robots being deployed, the space station's internal doors sealing and defensive laser grids becoming active.[2] Once the player has restored power, reactivated the Obsidian's engines and reset the station's flight path, there is a limited time to teleport back to the smaller shielded craft before the Obsidian's engines carry the astronaut through the black hole without being shielded.",1986-01-01 00:00:00.000,NULL,NULL,NULL,NULL,NULL,NULL
98618,13005,Hijack,NULL,1986-12-31 00:00:00.000,NULL,NULL,NULL,NULL,NULL,NULL
98873,28435,Attack of the Killer Tomatoes,NULL,1986-12-31 00:00:00.000,NULL,NULL,NULL,NULL,NULL,NULL
99077,39775,Gun Law,NULL,1986-12-31 00:00:00.000,NULL,NULL,NULL,NULL,NULL,NULL
99323,36680,Contact Sam Cruise,NULL,1986-12-31 00:00:00.000,NULL,NULL,NULL,NULL,NULL,NULL
99400,12765,Shanghai,NULL,1986-12-31 00:00:00.000,2,NULL,NULL,NULL,89.7853,10
99546,57073,Wongo,NULL,1986-12-31 00:00:00.000,NULL,NULL,NULL,NULL,NULL,NULL
99775,28826,Jail Break,NULL,1986-03-01 00:00:00.000,NULL,NULL,NULL,NULL,NULL,NULL
99978,72200,Dark Sider,NULL,1986-01-01 00:00:00.000,NULL,NULL,NULL,NULL,NULL,NULL
100173,30211,Octagon Squad,NULL,1986-12-31 00:00:00.000,NULL,NULL,NULL,NULL,NULL,NULL
100311,37070,Blood 'n Guts,NULL,1986-12-31 00:00:00.000,NULL,NULL,NULL,NULL,NULL,NULL
100329,145180,Balloon Fight,"In the game, you control a character named Balloon Man, who is a member of the sky patrol. Prior to the start of the game, he battled and defeated the pirate boss Oiram Repus (interestingly spelled Super Mario backwards) and put him and his henchmen all in jail. The boss managed to escape and free all of his henchmen, who tore the map (to where Oiram is) up into small pieces and spread them across the land in balloons. The balloons all floated up to Trip-Sky, and now the sky patrol must find them all and gain the contents within so that they can recreate the map and find the boss to place him back in the Federal Prison.",1986-11-19 00:00:00.000,NULL,NULL,NULL,NULL,NULL,NULL
100429,145221,Squish,NULL,1986-04-17 00:00:00.000,NULL,NULL,NULL,NULL,NULL,NULL
100470,37065,Penguin Adventure,NULL,1986-12-31 00:00:00.000,1,NULL,NULL,NULL,NULL,NULL
100484,125338,Climber,NULL,1986-07-04 00:00:00.000,NULL,NULL,NULL,NULL,NULL,NULL
100490,41746,Gall Force: Defence of Chaos,NULL,1986-02-01 00:00:00.000,NULL,NULL,NULL,NULL,NULL,NULL
100677,145179,Super Mario Bros.,NULL,1986-06-25 00:00:00.000,NULL,NULL,NULL,NULL,NULL,NULL
100959,36541,Hercules,NULL,1986-12-31 00:00:00.000,1,NULL,NULL,NULL,NULL,NULL
101010,23061,Quazatron,NULL,1986-12-31 00:00:00.000,NULL,NULL,70.0000,1,NULL,NULL
101048,36682,S.O.S.,NULL,1986-12-31 00:00:00.000,NULL,NULL,NULL,NULL,NULL,NULL
101064,55188,Crystal Raider,NULL,1986-12-31 00:00:00.000,NULL,NULL,NULL,NULL,NULL,NULL
101227,66405,Dragon Ball: Dragon Daihikyou,NULL,1986-09-27 00:00:00.000,1,NULL,NULL,NULL,NULL,NULL
101740,37155,Wrath of Denethenor,NULL,1986-12-31 00:00:00.000,NULL,NULL,NULL,NULL,NULL,NULL
102028,22264,Spiderbot,NULL,1986-12-31 00:00:00.000,NULL,NULL,NULL,NULL,NULL,NULL
102032,38634,Sega Ninja,NULL,1986-01-01 00:00:00.000,NULL,NULL,NULL,NULL,NULL,NULL
102174,14253,Karate,NULL,1986-12-31 00:00:00.000,NULL,NULL,NULL,NULL,NULL,NULL
102238,28958,Captain Zapp,NULL,1986-12-31 00:00:00.000,NULL,NULL,NULL,NULL,NULL,NULL
102304,12889,The Ninja,"Throughout your Journey to the Ohkami Castle, you'll battle evil Ninja Warriors. Once there, you must destroy their leader, Gyokuro. Only then Will you be able to save the princess from her prison Inside the castle.",1986-11-08 00:00:00.000,NULL,NULL,NULL,NULL,59.9281,5
102767,23067,Agent X,NULL,1986-12-31 00:00:00.000,NULL,NULL,70.0000,1,NULL,NULL
102769,26216,Mugsy's Revenge,NULL,1986-12-31 00:00:00.000,NULL,NULL,NULL,NULL,NULL,NULL
103104,54717,Soldier of Light,NULL,1986-09-01 00:00:00.000,NULL,NULL,NULL,NULL,NULL,NULL
103236,11863,Ace of Aces,NULL,1986-12-31 00:00:00.000,NULL,NULL,NULL,NULL,NULL,NULL
103254,36539,Icon Jon,NULL,1986-12-31 00:00:00.000,NULL,NULL,NULL,NULL,NULL,NULL
103463,30218,Three Weeks in Paradise,NULL,1986-12-31 00:00:00.000,NULL,NULL,NULL,NULL,NULL,NULL
103521,28471,Future Games,NULL,1986-12-31 00:00:00.000,NULL,NULL,NULL,NULL,NULL,NULL
103526,15255,Major Motion,NULL,1986-12-31 00:00:00.000,NULL,NULL,NULL,NULL,NULL,NULL
103661,26462,Get Dexter,NULL,1986-12-31 00:00:00.000,NULL,NULL,NULL,NULL,NULL,NULL
103795,41295,Namida no Soukoban Special,NULL,1986-07-30 00:00:00.000,NULL,NULL,NULL,NULL,NULL,NULL
103909,31183,Mission Omega,NULL,1986-12-31 00:00:00.000,NULL,NULL,NULL,NULL,NULL,NULL
104048,15229,Grand Prix 500 cc,NULL,1986-12-31 00:00:00.000,NULL,NULL,NULL,NULL,NULL,NULL
104252,47198,Painterboy,NULL,1986-02-01 00:00:00.000,NULL,NULL,NULL,NULL,NULL,NULL
104351,39052,M.G.T.,NULL,1986-12-31 00:00:00.000,NULL,NULL,NULL,NULL,NULL,NULL
104367,47152,VALKYR,NULL,1986-12-31 00:00:00.000,NULL,NULL,NULL,NULL,NULL,NULL
104370,39136,Stryfe - The Everlasting Battle,NULL,1986-12-31 00:00:00.000,NULL,NULL,NULL,NULL,NULL,NULL
104678,36564,War-Copter,NULL,1986-12-31 00:00:00.000,NULL,NULL,NULL,NULL,NULL,NULL
104868,132718,Little Vampire,"After Miki's kidnapping by the vampire king, Dracula, Kentarou has managed to rescue her. But Dracula died too easy, leaving Kentarou with peculiar dying words: ""And now... I die in peace..."" 
 
The two take refuge in a nearby town, determined to find a way back to their home world. Starved for food and money, they will have to find a way to survive and ultimately escape. Monsters patrol the area, whispering about a ""Little Princess,"" and a ruined church tower looms in the distance, said to corrupt all comers. And Dracula's curse lingers...",1986-05-05 00:00:00.000,NULL,NULL,NULL,NULL,NULL,NULL
104920,69817,World Cup Carnival,NULL,1986-12-31 00:00:00.000,NULL,NULL,NULL,NULL,NULL,NULL
105184,46734,Bob Winner,NULL,1986-12-31 00:00:00.000,NULL,NULL,NULL,NULL,NULL,NULL
105844,28957,Nosferatu the Vampyre,NULL,1986-12-31 00:00:00.000,NULL,NULL,NULL,NULL,NULL,NULL
105923,36592,Patton vs. Rommel,NULL,1986-12-31 00:00:00.000,NULL,NULL,NULL,NULL,NULL,NULL
105982,26455,Infiltrator,NULL,1986-12-31 00:00:00.000,NULL,NULL,NULL,NULL,NULL,NULL
106069,36917,Kirel,NULL,1986-12-31 00:00:00.000,NULL,NULL,NULL,NULL,NULL,NULL
106210,55187,Galax-i-Birds,NULL,1986-12-31 00:00:00.000,NULL,NULL,NULL,NULL,NULL,NULL
106263,26392,Murder on the Mississippi,"The famous detective Sir Charles Foxworth is taking a holiday on the Mississippi with his servant Regis on the Delta Princess. He's just taking a stroll around the upper deck of the ship when he discovers an open cabin door. Behind it: a dead man. As it turns out, the body of Raleigh Cartwright III. Sir Charles has three days to find the murderer, because then, the ship will reach New Orleans, giving the culprit a safe chance to escape.",1986-10-31 00:00:00.000,NULL,NULL,NULL,NULL,NULL,NULL
106442,39152,The Legend of Kage,"The player takes role of the young Iga ninja named Kage (""Shadow"") on the mission to rescue Princess Kiri (Kirihime) from the villains Yoshi (Yoshiro Yukikusa) and Yuki (Yukinosuke Kiri). Kage must fight his way through the forest, along the secret passageway, up the fortress wall and through the castle, rescuing her two times (three in the NES version) in order to win the game. Each time the princess is rescued, the seasons change in the game.",1986-04-18 00:00:00.000,NULL,NULL,NULL,NULL,NULL,NULL
107212,13355,Avenger,NULL,1986-12-31 00:00:00.000,NULL,NULL,NULL,NULL,NULL,NULL
107546,8016,Transformers: The Battle to Save the Earth,NULL,1986-12-31 00:00:00.000,NULL,NULL,NULL,NULL,NULL,NULL
107570,78779,Marksman Shooting & Trap Shooting,NULL,1986-12-31 00:00:00.000,NULL,NULL,NULL,NULL,NULL,NULL
107631,45649,Ghost House,NULL,1986-04-21 00:00:00.000,NULL,NULL,NULL,NULL,NULL,NULL
107651,191644,Renegade,NULL,1986-12-01 00:00:00.000,NULL,NULL,NULL,NULL,NULL,NULL
107779,19112,Layla,NULL,1986-12-20 00:00:00.000,NULL,NULL,NULL,NULL,NULL,NULL
107922,26290,Knight Rider,NULL,1986-12-31 00:00:00.000,NULL,NULL,NULL,NULL,NULL,NULL
107955,12253,The American Challenge: A Sailing Simulation,NULL,1986-12-31 00:00:00.000,NULL,NULL,NULL,NULL,NULL,NULL
108086,13613,Druid,NULL,1986-12-31 00:00:00.000,NULL,NULL,NULL,NULL,NULL,NULL
108415,17283,Sky Kid Deluxe,NULL,1986-02-01 00:00:00.000,NULL,NULL,NULL,NULL,NULL,NULL
108482,28956,Prodigy,NULL,1986-12-31 00:00:00.000,NULL,NULL,NULL,NULL,NULL,NULL
108850,28851,Highlander,NULL,1986-12-31 00:00:00.000,NULL,NULL,NULL,NULL,NULL,NULL
109030,28709,Robot Rascals,NULL,1986-12-31 00:00:00.000,NULL,NULL,NULL,NULL,NULL,NULL
109257,26397,War in the South Pacific,NULL,1986-12-31 00:00:00.000,NULL,NULL,NULL,NULL,NULL,NULL
109303,66987,Burgerkill,NULL,1986-12-31 00:00:00.000,NULL,NULL,NULL,NULL,NULL,NULL
109376,13640,Empire!,NULL,1986-12-31 00:00:00.000,NULL,NULL,NULL,NULL,NULL,NULL
109878,1101,Metroid,NULL,1986-08-06 00:00:00.000,40,NULL,60.0000,2,72.5217,163
109931,13614,Dustin,NULL,1986-12-31 00:00:00.000,NULL,NULL,NULL,NULL,NULL,NULL
110133,41298,The Monitor Puzzle Kineko: Kinetic Connection,NULL,1986-12-28 00:00:00.000,NULL,NULL,NULL,NULL,NULL,NULL
110202,26408,Rad Warrior,NULL,1986-12-31 00:00:00.000,NULL,NULL,NULL,NULL,NULL,NULL
110316,26778,Alex Kidd in Miracle World,NULL,1986-11-01 00:00:00.000,4,NULL,NULL,NULL,66.9880,37
110342,2856,Scooby-Doo,NULL,1986-12-31 00:00:00.000,NULL,NULL,NULL,NULL,NULL,NULL
110504,12746,Roadwar 2000,NULL,1986-12-31 00:00:00.000,NULL,NULL,NULL,NULL,NULL,NULL
110912,68360,Ninja Kid,NULL,1986-04-17 00:00:00.000,NULL,NULL,NULL,NULL,NULL,NULL
110919,12773,Spy vs Spy III: Arctic Antics,NULL,1986-12-31 00:00:00.000,NULL,NULL,NULL,NULL,NULL,NULL
111037,28716,Guderian,NULL,1986-12-31 00:00:00.000,NULL,NULL,NULL,NULL,NULL,NULL
111148,36864,Xeno,NULL,1986-12-31 00:00:00.000,NULL,NULL,NULL,NULL,NULL,NULL
111309,134418,Maltese Cross,NULL,1986-12-31 00:00:00.000,NULL,NULL,NULL,NULL,NULL,NULL
111327,134420,Witch Hunt,NULL,1986-12-31 00:00:00.000,NULL,NULL,NULL,NULL,NULL,NULL
111380,26457,Batman,NULL,1986-12-31 00:00:00.000,NULL,NULL,NULL,NULL,68.6256,8
111474,40083,Last Mission,NULL,1986-02-01 00:00:00.000,NULL,NULL,NULL,NULL,NULL,NULL
111579,37159,Enduro Racer,NULL,1986-09-01 00:00:00.000,NULL,NULL,NULL,NULL,NULL,NULL
112013,14637,Deep Space,NULL,1986-12-31 00:00:00.000,NULL,NULL,NULL,NULL,NULL,NULL
112355,60042,Treasure Hunter,NULL,1986-12-31 00:00:00.000,NULL,NULL,NULL,NULL,NULL,NULL
112554,36842,Tracker,NULL,1986-12-31 00:00:00.000,NULL,NULL,NULL,NULL,NULL,NULL
113170,26444,Fairlight II: Trail of Darkness,NULL,1986-12-31 00:00:00.000,NULL,NULL,NULL,NULL,NULL,NULL
113196,58870,Keisan Game: Sansuu 5+6 Nen,NULL,1986-10-30 00:00:00.000,NULL,NULL,NULL,NULL,NULL,NULL
113349,28467,Uchi Mata,NULL,1986-12-31 00:00:00.000,NULL,NULL,NULL,NULL,NULL,NULL
113726,2952,Trinity,NULL,1986-05-09 00:00:00.000,NULL,NULL,NULL,NULL,NULL,NULL
113828,14124,The Ice Temple,NULL,1986-12-31 00:00:00.000,NULL,NULL,NULL,NULL,NULL,NULL
113964,12285,The Magician's Curse,NULL,1986-12-31 00:00:00.000,1,NULL,NULL,NULL,NULL,NULL
113985,37293,Return of the Space Warrior,NULL,1986-12-31 00:00:00.000,NULL,NULL,NULL,NULL,NULL,NULL
113988,48317,GeGeGe no Kitaro - Yokai Daimakyo,NULL,1986-05-17 00:00:00.000,NULL,NULL,NULL,NULL,NULL,NULL
114050,13815,The Big Deal,NULL,1986-12-31 00:00:00.000,NULL,NULL,NULL,NULL,NULL,NULL
114180,58882,Ninja Hattori-kun,NULL,1986-03-05 00:00:00.000,NULL,NULL,NULL,NULL,NULL,NULL
114302,39134,Super Robin Hood,NULL,1986-12-31 00:00:00.000,NULL,NULL,NULL,NULL,NULL,NULL
114454,37160,Up Periscope!,NULL,1986-12-31 00:00:00.000,NULL,NULL,NULL,NULL,NULL,NULL
114633,23078,Rebelstar,NULL,1986-12-31 00:00:00.000,NULL,NULL,80.0000,1,NULL,NULL
114689,26412,N.O.M.A.D.,NULL,1986-12-31 00:00:00.000,NULL,NULL,NULL,NULL,NULL,NULL
114818,13644,Equinox,NULL,1986-12-31 00:00:00.000,NULL,NULL,NULL,NULL,NULL,NULL
114953,140450,OrbQuest: The Search for Seven Wards,NULL,1986-12-31 00:00:00.000,NULL,NULL,NULL,NULL,NULL,NULL
114994,28697,Journey to the Centre of Eddie Smith's Head,NULL,1986-12-31 00:00:00.000,NULL,NULL,NULL,NULL,NULL,NULL
115022,13021,Ninja Master,NULL,1986-12-31 00:00:00.000,NULL,NULL,NULL,NULL,NULL,NULL
115148,36685,Kwah!,NULL,1986-12-31 00:00:00.000,NULL,NULL,NULL,NULL,NULL,NULL
116492,37074,Repton 3,NULL,1986-11-01 00:00:00.000,1,NULL,NULL,NULL,NULL,NULL
116561,58199,Palitron,NULL,1986-12-31 00:00:00.000,NULL,NULL,NULL,NULL,NULL,NULL
116730,41683,Laydock,NULL,1986-02-22 00:00:00.000,NULL,NULL,NULL,NULL,NULL,NULL
116850,12837,Ninja,NULL,1986-12-31 00:00:00.000,1,NULL,NULL,NULL,NULL,NULL
116932,15330,Orbiter,NULL,1986-12-31 00:00:00.000,NULL,NULL,NULL,NULL,NULL,NULL
117025,36695,Gunslinger,NULL,1986-12-31 00:00:00.000,NULL,NULL,NULL,NULL,NULL,NULL
117176,28713,Star Raiders II,"The Zylons have returned to attack the Celos IV star system. In this 3D shoot-'em-up, the player takes control of the Liberty Star and must warp to threatened planets to battle the Zylon Fly Fighters and Destroyers. The Zylon Squadrons can also be attacked while in transit, and friendly Space Stations allow refueling. To achieve victory, the Zylon Attack Bases on their own planets must be destroyed. The game ends if the Liberty Star runs out of fuel, or if all cities are destroyed by Zylons.",1986-12-31 00:00:00.000,2,NULL,NULL,NULL,NULL,NULL
117334,11973,BMX Simulator,NULL,1986-12-31 00:00:00.000,NULL,NULL,NULL,NULL,NULL,NULL
117420,46148,Gokuaku Doumei Dump Matsumoto,NULL,1986-08-21 00:00:00.000,NULL,NULL,NULL,NULL,NULL,NULL
117426,55032,Sapiens,NULL,1986-06-01 00:00:00.000,NULL,NULL,NULL,NULL,NULL,NULL
117591,159249,Sidewinder,NULL,1986-12-31 00:00:00.000,NULL,NULL,NULL,NULL,NULL,NULL
117612,41031,Madness,NULL,1986-12-31 00:00:00.000,NULL,NULL,NULL,NULL,NULL,NULL
117659,28385,Super Sprint,NULL,1986-12-31 00:00:00.000,NULL,NULL,NULL,NULL,NULL,NULL
117704,47177,Jeep Command,NULL,1986-11-22 00:00:00.000,NULL,NULL,NULL,NULL,NULL,NULL
117723,41695,Magical Kid Wiz,NULL,1986-04-17 00:00:00.000,NULL,NULL,NULL,NULL,NULL,NULL
117803,41689,King Kong 2: Yomigaeru Densetsu,NULL,1986-09-01 00:00:00.000,NULL,NULL,NULL,NULL,NULL,NULL
117946,26378,Battle Group,NULL,1986-12-31 00:00:00.000,NULL,NULL,NULL,NULL,NULL,NULL
118017,37597,Mugen Senshi Valis: The Legend of A Fantasm Soldier,"Yuuko Asou starts another school day as normal. When school ends, it suddenly starts to rain, so Yuuko tries to find refuge. In doing so, she encounters a fellow student, Reiko Kirishima, who talks with her and leaves her with many unanswered questions. Immediately afterward, Yuuko is attacked by a monster but a sword appears which she uses to protect herself. She tries to run home only to see that the entire city is being attacked by monsters. 
 
After defeating them, Queen Valia appears in front of Yuuko telling her that the sword named Valis summoned her to save the dream world, Vecanti, from the claws of the evil emperor Rogles, so she can also save the human world. After being convinced by Valia, Yuuko starts to beat Rogles's generals one by one and get the phantasm jewels they carry, winning new powers. 
 
After beating them, Yuuko goes to Rogles's domains and arrives at his castle only to find that Reiko, who is under under Rogles's control, is guarding the entrance because of her dark emotions. Yuuko fights her and makes her regain consciousness but then Reiko agonizes. Before her death, Reiko tells Yuuko about her bad emotions and her hard life, believing that nobody cared about her, but Yuuko then says her that she truly cares for her and they become friends. Shortly after, Reiko dies in her hands. Then Rogles appears and challenges Yuuko to enter his castle and fight him. Yuuko does so and kills him, enraged by the death of her friend. After this, Yuuko goes home with the presentiment that she will return to Vecanti someday.",1986-12-31 00:00:00.000,1,NULL,NULL,NULL,NULL,NULL
118030,13304,Alien Highway: Encounter 2,NULL,1986-12-31 00:00:00.000,NULL,NULL,NULL,NULL,NULL,NULL
118186,39967,Genpei Touma Den,"The player controls Taira no Kagekiyo, a samurai that died in the Genpei War and revived to avenge the destruction of his clan, travelling the provinces of Japan while searching for the Imperial Regalia of Japan to face his arch-enemy Minamoto no Yoritomo, and also faces other enemies like Minamoto no Yoshitsune and Musashibō Benkei.",1986-10-01 00:00:00.000,NULL,NULL,NULL,NULL,NULL,NULL
118205,11850,They Stole a Million,NULL,1986-12-31 00:00:00.000,1,NULL,NULL,NULL,NULL,NULL
118613,40956,Dough Boy,NULL,1986-01-11 00:00:00.000,NULL,NULL,NULL,NULL,NULL,NULL
118650,9074,Uuno Turhapuro muuttaa maalle,NULL,1986-12-31 00:00:00.000,NULL,NULL,NULL,NULL,NULL,NULL
118653,12849,Side Arms: Hyper Dyne,NULL,1986-12-31 00:00:00.000,1,NULL,NULL,NULL,NULL,NULL
118654,13858,Gods & Heroes,NULL,1986-12-31 00:00:00.000,NULL,NULL,NULL,NULL,NULL,NULL
118909,14781,Mean 18: Ultimate Golf,NULL,1986-12-31 00:00:00.000,NULL,NULL,NULL,NULL,NULL,NULL
119020,48055,Ikari Warriors II: Victory Road,NULL,1986-12-31 00:00:00.000,NULL,NULL,NULL,NULL,NULL,NULL
119092,4478,Alien Syndrome,NULL,1986-12-31 00:00:00.000,1,NULL,NULL,NULL,66.1866,13
119121,13293,Agent Orange,NULL,1986-12-31 00:00:00.000,NULL,NULL,NULL,NULL,NULL,NULL
119141,14424,Phantasie II,NULL,1986-12-31 00:00:00.000,NULL,NULL,NULL,NULL,NULL,NULL
119151,39682,Gyrodine,NULL,1986-03-03 00:00:00.000,NULL,NULL,NULL,NULL,NULL,NULL
119365,14783,Ogre,NULL,1986-12-31 00:00:00.000,NULL,NULL,50.0000,1,NULL,NULL
119509,37076,Bactron,NULL,1986-09-01 00:00:00.000,NULL,NULL,NULL,NULL,NULL,NULL
119513,12854,Xain'd Sleena,NULL,1986-12-31 00:00:00.000,NULL,NULL,NULL,NULL,NULL,NULL
120060,60636,Captain Slog,NULL,1986-12-31 00:00:00.000,NULL,NULL,NULL,NULL,NULL,NULL
120351,40429,Super Cross II,NULL,1986-06-01 00:00:00.000,NULL,NULL,NULL,NULL,NULL,NULL
120973,84335,Wingman 2: Kitakura no Fukkatsu,NULL,1986-10-04 00:00:00.000,NULL,NULL,NULL,NULL,NULL,NULL
121026,12846,Rolling Thunder,NULL,1986-12-01 00:00:00.000,1,NULL,NULL,NULL,64.5194,8
121107,12292,Amazing Bumpman,NULL,1986-12-31 00:00:00.000,NULL,NULL,NULL,NULL,NULL,NULL
121723,36557,The Trap Door,NULL,1986-12-31 00:00:00.000,NULL,NULL,NULL,NULL,NULL,NULL
121884,15363,The Sentinel,NULL,1986-12-31 00:00:00.000,NULL,NULL,90.0000,1,NULL,NULL
121904,73323,Split Personalities,NULL,1986-12-31 00:00:00.000,NULL,NULL,NULL,NULL,NULL,NULL
121936,60550,Time Flight,NULL,1986-12-31 00:00:00.000,NULL,NULL,NULL,NULL,NULL,NULL
122743,25861,The Black Onyx II: Search for the Fire Crystal,NULL,1986-12-31 00:00:00.000,NULL,NULL,NULL,NULL,NULL,NULL
123039,28470,Starstrike II,NULL,1986-12-31 00:00:00.000,NULL,NULL,NULL,NULL,NULL,NULL
123146,15366,Silicon Dreams,NULL,1986-12-31 00:00:00.000,NULL,NULL,NULL,NULL,NULL,NULL
123434,60649,Summer Santa,NULL,1986-12-31 00:00:00.000,NULL,NULL,NULL,NULL,NULL,NULL
123634,28570,Iridis Alpha,NULL,1986-12-31 00:00:00.000,NULL,NULL,NULL,NULL,NULL,NULL
124033,8531,The Ultimate Challenge from Beat Takeshi,NULL,1986-12-10 00:00:00.000,NULL,NULL,NULL,NULL,NULL,NULL
124114,12034,Dark Castle,NULL,1986-12-31 00:00:00.000,1,NULL,NULL,NULL,NULL,NULL
124175,48396,Sherlock Holmes: Hakushaku Reijou Yuukai Jiken,NULL,1986-12-11 00:00:00.000,NULL,NULL,NULL,NULL,NULL,NULL
124224,31185,XARQ: The Zimmerman Trenches,NULL,1986-12-31 00:00:00.000,NULL,NULL,NULL,NULL,NULL,NULL
124244,41809,Dunkshot,NULL,1986-02-01 00:00:00.000,NULL,NULL,NULL,NULL,NULL,NULL
124714,13421,Bomb Jack II,NULL,1986-12-31 00:00:00.000,NULL,NULL,NULL,NULL,NULL,NULL
124738,15338,Perfect Match,NULL,1986-12-31 00:00:00.000,NULL,NULL,NULL,NULL,NULL,NULL
124793,48487,Ganso Saiyuuki: Super Monkey Daibouken,NULL,1986-11-21 00:00:00.000,NULL,NULL,NULL,NULL,NULL,NULL
125321,12133,Hacker II: The Doomsday Papers,NULL,1986-12-31 00:00:00.000,NULL,NULL,NULL,NULL,NULL,NULL
125420,15539,Master Ninja,NULL,1986-12-31 00:00:00.000,NULL,NULL,NULL,NULL,NULL,NULL
125502,13800,Legend of the Amazon Women,NULL,1986-12-31 00:00:00.000,NULL,NULL,NULL,NULL,NULL,NULL
125675,45322,180 Darts,NULL,1986-12-31 00:00:00.000,NULL,NULL,NULL,NULL,NULL,NULL
125773,64195,Hokuto no Ken: Violence Gekiga Adventure,NULL,1986-05-01 00:00:00.000,NULL,NULL,NULL,NULL,NULL,NULL
126305,29134,Black Belt,"The player takes control of a martial artist named Riki, who sets out to rescue his girlfriend Kyoko from his rival, Wang. The game is composed of six left-to-right side-scrolling stages in which Riki faces different types of underlings (depending on the stage), facing the occasional sub-boss at midpoints of certain stages. Keeping true to the original source material Hokuto no Ken , underlings violently explode upon being punched or kicked. At the end of each stage, Riki must confront the stage's boss, each being susceptible to only one type of attack. The player must exploit their opponent's weakness and use it to finish the boss off.",1986-12-31 00:00:00.000,NULL,NULL,NULL,NULL,NULL,NULL
126442,26391,Lords of Conquest,NULL,1986-12-31 00:00:00.000,NULL,NULL,NULL,NULL,NULL,NULL
126463,12358,Killed Until Dead,NULL,1986-12-31 00:00:00.000,NULL,NULL,NULL,NULL,NULL,NULL
126555,48592,Valkyrie no Bouken: Toki no Kagi Densetsu,NULL,1986-08-01 00:00:00.000,NULL,NULL,NULL,NULL,NULL,NULL
126598,15364,Shackled,NULL,1986-12-31 00:00:00.000,NULL,NULL,NULL,NULL,NULL,NULL
126614,8518,Back to the Future,NULL,1986-12-31 00:00:00.000,1,NULL,53.0000,0,NULL,NULL
126636,28556,Tantalus,NULL,1986-12-31 00:00:00.000,NULL,NULL,NULL,NULL,NULL,NULL
126664,28483,Pyracurse,NULL,1986-12-31 00:00:00.000,NULL,NULL,NULL,NULL,NULL,NULL
126665,6109,Gulkave,NULL,1986-12-31 00:00:00.000,NULL,NULL,NULL,NULL,NULL,NULL
126895,26287,Friday the 13th: The Computer Game,NULL,1986-12-31 00:00:00.000,NULL,NULL,NULL,NULL,NULL,NULL
127111,83300,Liberator / Space Fiends,NULL,1986-12-31 00:00:00.000,NULL,NULL,NULL,NULL,NULL,NULL
127257,6141,Super Tank,NULL,1986-12-31 00:00:00.000,NULL,NULL,NULL,NULL,NULL,NULL
127453,2883,Leygref's Castle,NULL,1986-12-31 00:00:00.000,NULL,NULL,NULL,NULL,NULL,NULL
127687,12108,Frost Byte,NULL,1986-12-31 00:00:00.000,NULL,NULL,NULL,NULL,NULL,NULL
127708,12193,The Pawn,NULL,1986-12-31 00:00:00.000,NULL,NULL,NULL,NULL,NULL,NULL
127721,46762,Argus,NULL,1986-04-17 00:00:00.000,NULL,NULL,NULL,NULL,NULL,NULL
127795,14109,Heavy on the Magick,NULL,1986-12-31 00:00:00.000,NULL,NULL,NULL,NULL,NULL,NULL
127987,14436,Amnesia,NULL,1986-12-31 00:00:00.000,NULL,NULL,NULL,NULL,NULL,NULL
128035,13827,Championship Wrestling,NULL,1986-12-31 00:00:00.000,NULL,NULL,NULL,NULL,NULL,NULL
128131,15335,Passengers on the Wind,NULL,1986-12-31 00:00:00.000,NULL,NULL,NULL,NULL,NULL,NULL
128340,28847,Parallax,NULL,1986-12-31 00:00:00.000,1,NULL,NULL,NULL,NULL,NULL
128356,36862,Mailstrom,NULL,1986-12-31 00:00:00.000,NULL,NULL,NULL,NULL,NULL,NULL
128490,13030,The Sacred Armour of Antiriad,NULL,1986-02-01 00:00:00.000,NULL,NULL,NULL,NULL,NULL,NULL
128526,36866,Wanderer,NULL,1986-12-31 00:00:00.000,NULL,NULL,NULL,NULL,NULL,NULL
128624,145247,Batalia,NULL,1986-12-31 00:00:00.000,NULL,NULL,NULL,NULL,NULL,NULL
128714,15215,Halls of Kairos,NULL,1986-12-31 00:00:00.000,NULL,NULL,NULL,NULL,NULL,NULL
128922,30214,Dan Dare: Pilot of the Future,NULL,1986-12-31 00:00:00.000,NULL,NULL,NULL,NULL,NULL,NULL
129463,26421,Movie,NULL,1986-12-31 00:00:00.000,NULL,NULL,NULL,NULL,NULL,NULL
129487,28486,Desert Hawk,NULL,1986-12-31 00:00:00.000,NULL,NULL,NULL,NULL,NULL,NULL
129517,37157,Space M+A+X,NULL,1986-12-31 00:00:00.000,NULL,NULL,NULL,NULL,NULL,NULL
129603,2886,Starflight,NULL,1986-08-15 00:00:00.000,5,NULL,NULL,NULL,78.9386,14
129639,26463,The Way of the Tiger,NULL,1986-12-31 00:00:00.000,NULL,NULL,NULL,NULL,NULL,NULL
129646,74157,Hokuto No Ken,NULL,1986-07-20 00:00:00.000,NULL,NULL,NULL,NULL,NULL,NULL
129813,3503,Gauntlet II,NULL,1986-01-01 00:00:00.000,2,NULL,NULL,NULL,69.8486,17
129884,13870,The Happiest Days of Your Life,NULL,1986-12-31 00:00:00.000,NULL,NULL,NULL,NULL,NULL,NULL
129931,15246,Leaderboard,NULL,1986-12-31 00:00:00.000,NULL,NULL,70.0000,1,NULL,NULL
130046,6085,Champion Billiards,NULL,1986-02-01 00:00:00.000,NULL,NULL,NULL,NULL,NULL,NULL
130059,39373,Iron Horse,NULL,1986-12-31 00:00:00.000,NULL,NULL,NULL,NULL,NULL,NULL
130120,36585,Airheart,NULL,1986-12-31 00:00:00.000,NULL,NULL,NULL,NULL,NULL,NULL
130219,12161,Joe Blade,NULL,1986-12-31 00:00:00.000,1,NULL,NULL,NULL,NULL,NULL
130495,65699,The Wing of Madoola,NULL,1986-12-18 00:00:00.000,NULL,NULL,NULL,NULL,NULL,NULL
130793,28857,Infodroid,NULL,1986-12-31 00:00:00.000,NULL,NULL,NULL,NULL,NULL,NULL
130935,36677,Quartet,NULL,1986-12-31 00:00:00.000,NULL,NULL,NULL,NULL,NULL,NULL
131239,26459,Spindizzy,NULL,1986-12-31 00:00:00.000,NULL,NULL,NULL,NULL,NULL,NULL
131373,3055,Rampage,NULL,1986-12-01 00:00:00.000,6,NULL,NULL,NULL,74.8981,36
131408,29031,Tass Times in Tonetown,NULL,1986-12-31 00:00:00.000,1,NULL,NULL,NULL,NULL,NULL
131623,13437,BreakThru,"Accomplish your mission with your highly sophisticated assault vehicle to BREAK THRU each of the five enemy strongholds! Travel through the mountains, bridges and cities to reach the airfield. Impenetrable enemy forces impede your progress; tanks, helicopters, jeeps, landmines and more stand in your way. Press on, for all is lost if you fail to BREAK THRU!",1986-12-31 00:00:00.000,NULL,NULL,NULL,NULL,NULL,NULL
131725,8708,Uninvited,NULL,1986-12-31 00:00:00.000,2,NULL,NULL,NULL,68.7708,7
131796,13678,Alex Kidd: The Lost Stars,NULL,1986-12-31 00:00:00.000,NULL,NULL,NULL,NULL,64.2901,11
131958,160301,Maison Ikkoku: Omoide no Photograph,NULL,1986-12-10 00:00:00.000,NULL,NULL,NULL,NULL,NULL,NULL
132157,28468,Tarzan,NULL,1986-12-31 00:00:00.000,NULL,NULL,NULL,NULL,NULL,NULL
132196,42033,Side Arms Hyperdyne,NULL,1986-12-31 00:00:00.000,1,NULL,NULL,NULL,NULL,NULL
132736,41765,Cross Blaim,NULL,1986-02-01 00:00:00.000,NULL,NULL,NULL,NULL,NULL,NULL
132759,48815,Murder Club,NULL,1986-08-01 00:00:00.000,NULL,NULL,NULL,NULL,NULL,NULL
132903,28573,Storm,NULL,1986-11-01 00:00:00.000,NULL,NULL,NULL,NULL,NULL,NULL
132979,51370,Winnie the Pooh in the Hundred Acre Wood,NULL,1986-02-01 00:00:00.000,NULL,NULL,NULL,NULL,NULL,NULL
133028,60270,Jet Strike Mission,NULL,1986-12-31 00:00:00.000,NULL,NULL,NULL,NULL,NULL,NULL
133981,41749,Guardic,NULL,1986-02-01 00:00:00.000,NULL,NULL,NULL,NULL,NULL,NULL
134032,84248,Wibarm,NULL,1986-08-01 00:00:00.000,NULL,NULL,NULL,NULL,NULL,NULL
134465,2303,Alter Ego,NULL,1986-12-31 00:00:00.000,NULL,NULL,80.0000,2,50.0000,4
134995,142439,Virgin Atlantic Challenge,NULL,1986-12-31 00:00:00.000,NULL,NULL,NULL,NULL,NULL,NULL
135277,12128,Gunship,NULL,1986-12-31 00:00:00.000,NULL,NULL,NULL,NULL,69.9901,6
135280,7733,Might and Magic: Book One - The Secret of the Inner Sanctum,NULL,1986-06-01 00:00:00.000,2,NULL,NULL,NULL,69.8481,10
135791,13588,Dempsey and Makepeace,NULL,1986-12-31 00:00:00.000,NULL,NULL,NULL,NULL,NULL,NULL
136165,28450,James Clavell's Shogun,NULL,1986-12-31 00:00:00.000,NULL,NULL,NULL,NULL,NULL,NULL
136496,26394,Pentagram,NULL,1986-12-31 00:00:00.000,1,NULL,NULL,NULL,NULL,NULL
136661,45344,Phantomas 2,NULL,1986-06-01 00:00:00.000,NULL,NULL,NULL,NULL,NULL,NULL
137072,28482,Jack the Nipper,NULL,1986-12-31 00:00:00.000,NULL,NULL,NULL,NULL,NULL,NULL
137194,12967,Thrust,"Each planet has turrets which fire bullets at the ship, which can be destroyed with a single shot, and a reactor which powers the defence system of each planet. If the reactor is shot enough the turrets will cease firing for a short amount of time. Hitting the reactor with many bullets causes it to go critical and destroy the planet in 10 seconds - the ship must escape into space before this happens, with or without the pod (more points are gained if the pod is present).

Fuel is needed to manœuvre the ship and can be collected with the tractor beam, if the ship runs out of fuel the whole game is over. A shield is also available, although when activated it uses fuel and the ship cannot shoot.",1986-12-31 00:00:00.000,1,NULL,NULL,NULL,NULL,NULL
137216,8097,Road Runner,NULL,1986-07-01 00:00:00.000,NULL,NULL,NULL,NULL,NULL,NULL
137804,28484,Time Trax,NULL,1986-12-31 00:00:00.000,NULL,NULL,NULL,NULL,NULL,NULL
138328,98169,Heroic Episode,NULL,1986-06-01 00:00:00.000,NULL,NULL,NULL,NULL,NULL,NULL
139306,172710,Moon Crystals,NULL,1986-12-31 00:00:00.000,NULL,NULL,NULL,NULL,NULL,NULL
139357,47500,Super Tritorn,"Everything was peaceful on the island of Rwanda, until the evil demon lord Pay Valusa invaded it, sending hordes of monsters to do his bidding. A lone warrior named Tritorn is the only one who can defeat the demon and restore peace",1986-02-01 00:00:00.000,NULL,NULL,NULL,NULL,NULL,NULL
140799,40954,Fist II: The Legend Continues,NULL,1986-07-10 00:00:00.000,NULL,NULL,NULL,NULL,NULL,NULL
140800,26435,Sai Combat,NULL,1986-12-31 00:00:00.000,NULL,NULL,NULL,NULL,NULL,NULL
141463,12831,World Games,NULL,1986-12-31 00:00:00.000,1,NULL,90.0000,1,78.8965,6
141494,13670,Knightmare,NULL,1986-01-01 00:00:00.000,2,1,NULL,NULL,69.6119,9
141508,4369,Nobunaga's Ambition,NULL,1986-12-01 00:00:00.000,NULL,NULL,NULL,NULL,NULL,NULL
141530,1535,KiKi KaiKai,NULL,1986-09-18 00:00:00.000,NULL,NULL,NULL,NULL,NULL,NULL
141804,13482,The Chessmaster 2000,NULL,1986-12-31 00:00:00.000,NULL,NULL,NULL,NULL,78.9526,5
142172,48423,Mobile Suit Z Gundam: Hot Scramble,NULL,1986-08-28 00:00:00.000,NULL,NULL,NULL,NULL,NULL,NULL
142326,6856,Rygar,"The arcade game begins with the following introduction:

4.5 billion years have passed since Earth's creation. Many dominators have ruled in all their glory, but time was their greatest enemy and it defeated their reign. And now a new dominator's reign begins...

Information gleaned from console manuals reveals that the evil being Ligar has taken over the land of Argool, and Rygar, a dead warrior who has risen from his grave, must use his Diskarmor, along with a variety of other weapons, to stop him. In console versions clues and limited dialogue are given in the form of large, sage like men encountered in stone green temples throughout the game.

In the Japanese original, references to ""Ligar"" and ""Rygar"" are one and the same because the Roman syllables ""Li"" and ""Ry"" come from the same Japanese character. In this version, the hero is only referred to as ""The Legendary Warrior"", while both ""Rygar"" and ""Ligar"" refer to the main villain.",1986-12-31 00:00:00.000,2,NULL,NULL,NULL,79.8536,15
143231,171964,Donkey Kong,Donkey Kong has kidnapped the beautiful Lady and taken her to a dangerous construction site. Mario must climb to the top of the construction site and rescue Lady from the giant ape.,1986-12-31 00:00:00.000,NULL,NULL,NULL,NULL,NULL,NULL
144343,79111,Doraemon,NULL,1986-12-12 00:00:00.000,NULL,NULL,NULL,NULL,NULL,NULL
145126,22910,Top Gun,NULL,1986-12-01 00:00:00.000,NULL,NULL,NULL,NULL,NULL,NULL
145596,26285,Psi 5 Trading Company,NULL,1986-12-01 00:00:00.000,NULL,NULL,NULL,NULL,NULL,NULL
146182,18676,Thin Ice,NULL,1986-08-01 00:00:00.000,NULL,NULL,NULL,NULL,NULL,NULL
146900,159270,Cuttlemania!,NULL,1986-12-31 00:00:00.000,NULL,NULL,NULL,NULL,NULL,NULL
146924,159275,Blue Ribbon Darts,NULL,1986-12-31 00:00:00.000,NULL,NULL,NULL,NULL,NULL,NULL
147540,38037,Toy Pop,NULL,1986-12-31 00:00:00.000,NULL,NULL,NULL,NULL,NULL,NULL
147542,40056,Hopping Mappy,NULL,1986-04-01 00:00:00.000,NULL,NULL,NULL,NULL,NULL,NULL
147617,48488,Zunou Senkan Galg,NULL,1986-01-14 00:00:00.000,NULL,NULL,NULL,NULL,NULL,NULL
147820,2430,The Bard's Tale II: The Destiny Knight,NULL,1986-12-31 00:00:00.000,2,NULL,NULL,NULL,74.2014,6
148178,40352,Halley's Comet,NULL,1986-06-01 00:00:00.000,NULL,NULL,NULL,NULL,NULL,NULL
148621,1633,James Bond 007: Goldfinger,NULL,1986-12-31 00:00:00.000,NULL,NULL,NULL,NULL,NULL,NULL
148661,28854,Dante's Inferno,NULL,1986-12-31 00:00:00.000,NULL,NULL,NULL,NULL,NULL,NULL
148907,1477,Salamander,NULL,1986-07-04 00:00:00.000,4,NULL,72.0000,1,70.3052,23
149280,45381,Bomberman Special,NULL,1986-12-31 00:00:00.000,NULL,NULL,NULL,NULL,NULL,NULL
150513,48292,Crackout,NULL,1986-12-13 00:00:00.000,NULL,NULL,NULL,NULL,NULL,NULL
150708,48067,Deadly Towers,NULL,1986-12-15 00:00:00.000,NULL,NULL,NULL,NULL,NULL,NULL
151865,55052,Volleyball,NULL,1986-07-21 00:00:00.000,NULL,NULL,NULL,NULL,20.0000,2
151892,9512,Pro Wrestling,NULL,1986-10-21 00:00:00.000,2,NULL,NULL,NULL,NULL,NULL
151960,18834,Gumshoe,"Mr. Stevenson is an ex-FBI agent turned detective. He receives a ransom note from a mafia boss, King Dom, who has kidnapped Stevenson's daughter, Jennifer. Stevenson must collect five ""Black Panther Diamonds"" within 24 hours in order to see his daughter again.",1986-06-06 00:00:00.000,NULL,NULL,NULL,NULL,NULL,NULL
152035,28853,Howard the Duck: Adventure on Volcano Island,NULL,1986-12-31 00:00:00.000,NULL,NULL,NULL,NULL,NULL,NULL
152193,28,Space Quest: The Sarien Encounter,"Players of the original game are never told the hero's name, but are instead asked to enter their own. The default name of ""Roger Wilco"" — a reference to the radio communication, ""Roger, Will Comply"" — became the de facto name of the hero in the later games of the series.

Roger's name was fitting in that, in keeping with his portrayal as an ""everyman"" schlub, he took his name from incorrect radio usage. When someone says ""Wilco,"" or ""will comply,"" ""Roger"" (or ""received"") is assumed. There is no need to say ""Roger, wilco,"" and this is seen in aviation circles as the mark of an amateur.

Roger is a member of the cleaning crew on board the scientific spaceship Arcada, which holds a powerful experimental device called the ""Star Generator"" (a thinly-veiled reference to the Genesis Device from Star Trek II: The Wrath of Khan). Roger emerges from an on-duty nap in a broom closet to find that the ship has been boarded and seized by the sinister Sariens. Using a keycard that he found from the body of a dead crew member, he finds his way to an escape pod and escapes the Arcada.

After crash-landing, he finds himself in the dry and barren wasteland of the planet Kerona. After making his way through the desert and a system of underground caves, he is tasked by an insectoid alien with killing a monstrous creature called Orat. After succeeding in this task, he returns to the alien with proof of his success in the form of a piece of Orat's flesh. As a reward, the alien lets him into an underground complex inhabited by more aliens, and provides Roger with a skimmer, a small flying vehicle which cruises a few feet over the sandy ground (similar to the landspeeders in Star Wars).

The alien tells Roger there is a town that he may travel to in order to find a way off the planet. After navigating a rocky section of the planet, Roger reaches the town of Ulence Flats and goes to the local bar. By playing a video slot machine, Roger wins enough money to buy a spaceship and a navigation droid.

He overhears from a bar customer the location of the Sariens' spaceship, the Deltaur, and flies to its coordinates. He then infiltrates the ship by, but not limited to, utilizing his jetpack, dodging a droid, climbing inside an air vent, locking himself in a trunk, getting put inside a washing machine, disguising himself as a Sarien by wearing one of the Sarien uniforms, and other tactful, creative methods. He then finds his way to the Star Generator and programs it to self-destruct, escaping the ship just before it explodes.

At the end of the game, Roger's efforts are rewarded when he receives the Golden Mop as a token of eternal gratitude from the people of Xenon.",1986-10-01 00:00:00.000,2,NULL,NULL,NULL,75.5316,25
152324,893,King's Quest III: To Heir Is Human,NULL,1986-10-01 00:00:00.000,4,NULL,NULL,NULL,73.2296,22
152989,8019,Transformers: Mystery of Convoy,NULL,1986-12-05 00:00:00.000,NULL,NULL,NULL,NULL,NULL,NULL
153006,172035,iD,NULL,1986-12-31 00:00:00.000,NULL,NULL,NULL,NULL,NULL,NULL
153278,26413,Quake Minus One,NULL,1986-12-31 00:00:00.000,NULL,NULL,NULL,NULL,NULL,NULL
153531,46115,Hokuto No Ken,"In the year 199X, the world was covered by nuclear flames... The road to challenge Ken-oh, the Conqueror of Century's End, will be a long one. Standing before Kenshiro's path are Heart, the homicidal maniac; Shin, the man of Nanto Sei Ken; Jagi, Kenshiro's evil stepbrother; and Souther, the strongest warrior within Nanto Sei Ken. To defeat the Ken-oh, Raoh, Kenshiro attain the secret principles of Hokuto Shin Ken.",1986-08-10 00:00:00.000,NULL,NULL,NULL,NULL,NULL,NULL
154543,48678,Dragon Ball: Shenlong no Nazo,NULL,1986-11-27 00:00:00.000,NULL,NULL,NULL,NULL,NULL,NULL
154885,41718,Ganbare Goemon! Karakuri Douchuu,NULL,1986-07-30 00:00:00.000,NULL,NULL,NULL,NULL,NULL,NULL
156029,67186,The Mysterious Murasame Castle,NULL,1986-04-14 00:00:00.000,NULL,NULL,NULL,NULL,79.8653,5
156072,40047,Darwin 4078,"The game takes place within a gigantic spaceship which has virtually infinite capacity because of its ability to manipulate time and space. The player must deal with enigmatic creatures called EVOL, which consist only of pure energy and need to keep themselves in capsules in order to maintain their existence in the world.

All of the characters in the game are designed to resemble microscopic organisms, both in their appearance and their quick, tricky movements. The player's ship undergoes over 10 types of transformations throughout the game, each with offensive and defensive maneuvers specific to their design. The sound effects used are minimal, but different types of sounds are used according to the type of shots or their speed. A sound resembling a long scream results when the player's ship is hit and returns to its weakest evolutionary state. The game's designer, graphic designer, and music composer, Tomo Furukawa, would go on to become the vocalist of the band Guniw Tools.",1986-03-01 00:00:00.000,NULL,NULL,NULL,NULL,NULL,NULL
156259,38580,Mr. Goemon,NULL,1986-05-01 00:00:00.000,NULL,NULL,NULL,NULL,NULL,NULL
157381,17477,Jackal,NULL,1986-10-15 00:00:00.000,5,NULL,NULL,NULL,79.3158,22
158049,40543,Vs. Slalom,NULL,1986-12-31 00:00:00.000,NULL,NULL,NULL,NULL,NULL,NULL
158305,2630,Bubble Bobble,NULL,1986-06-16 00:00:00.000,22,NULL,80.0000,0,76.0956,97
158787,48457,JaJaMaru no Daibouken,NULL,1986-08-22 00:00:00.000,NULL,NULL,NULL,NULL,NULL,NULL
158811,83076,1000-nen Oukoku,"The prophet Nostradamus has foreseen that the world as we know it shall end in the year 1999, and the thousand-year kingdom of angels and children will commence. A young boy named Shou is at first unaware of these prophecies, enjoying a normal life with his sweetheart Alisa. However, a series of events changes his life forever, as he is entrusted with the task of saving humans by discovering the ancient continent of Atlantis.",1986-08-01 00:00:00.000,NULL,NULL,NULL,NULL,NULL,NULL
159954,172020,Donkey Kong,Donkey Kong has kidnapped the beautiful Lady and taken her to a dangerous construction site. Mario must climb to the top of the construction site and rescue Lady from the giant ape.,1986-11-15 00:00:00.000,NULL,NULL,NULL,NULL,NULL,NULL
159998,172018,Donkey Kong,Donkey Kong has kidnapped the beautiful Lady and taken her to a dangerous construction site. Mario must climb to the top of the construction site and rescue Lady from the giant ape.,1986-07-26 00:00:00.000,NULL,NULL,NULL,NULL,NULL,NULL
160892,4595,Arkanoid,"The player controls the ""Vaus"", a space vessel that acts as the game's ""paddle"" which prevents a ball from falling from the playing field, attempting to bounce it against a number of bricks. The ball striking a brick causes the brick to disappear. When all the bricks are gone, the player goes to the next level, where another pattern of bricks appears. There are a number of variations (bricks that have to be hit multiple times, flying enemy ships, etc.) and power-up capsules to enhance the Vaus (expand the Vaus, multiply the number of balls, equip a laser cannon, break directly to the next level, etc.), but the gameplay remains the same.

At round 33, the final stage, the player will take on the game's boss, ""DOH"", a head resembling moai. Once a player reaches round 33, he must defeat DOH with his remaining extra lives because there are no continues on the final round.",1986-12-01 00:00:00.000,13,NULL,NULL,NULL,82.0739,79
161136,18143,Pro Wrestling,"Pro Wrestling it's the video match of the year. A no-holds barred battle between you and a friend, or some of the biggest bruisers this side of Madison Square Garden. Just try to pin The Iron Soldier. Or wiggle away from The Giant Bull. Or just survive the cruel Crusher Brothers. Body slam. Drop kick. Pile drive. You'll even have the notorious German Suplex Hold. All at your command. Go for the title. Mexican League, Pacific League or World League. Whatever you d(), play rough. Play to win.",1986-07-20 00:00:00.000,NULL,NULL,NULL,NULL,70.0000,3
161786,41723,King's Knight,NULL,1986-02-01 00:00:00.000,NULL,NULL,NULL,NULL,NULL,NULL
162680,2877,Wizard's Crown,NULL,1986-12-31 00:00:00.000,NULL,NULL,NULL,NULL,NULL,NULL
162703,39127,Rambo: First Blood Part II,NULL,1986-11-16 00:00:00.000,NULL,NULL,NULL,NULL,NULL,NULL
163497,36861,Sigma 7,NULL,1986-11-20 00:00:00.000,NULL,NULL,NULL,NULL,NULL,NULL
165154,1115,Vampire Killer,NULL,1986-10-30 00:00:00.000,2,NULL,NULL,NULL,85.7380,7
165549,11903,Annals of Rome,NULL,1986-01-01 00:00:00.000,NULL,NULL,NULL,NULL,NULL,NULL
166489,26543,Empire City: 1931,NULL,1986-12-01 00:00:00.000,NULL,NULL,NULL,NULL,NULL,NULL
166880,3660,Othello,NULL,1986-11-13 00:00:00.000,NULL,NULL,NULL,NULL,69.6330,7
167338,28852,The Great Escape,"Captured, but not defeated, you are being held in the notorious Heldentod camp. This small, converted castle in the middle of nowhere will be your home for the rest of the war; unless you can escape to rejoin the Allied Armies. Planning, patience, skill, and courage will be necessary as you gather your resources, make your plans, and finally, make your great escape.",1986-12-31 00:00:00.000,2,NULL,NULL,NULL,70.1595,5
167731,12153,Ikari Warriors,NULL,1986-03-01 00:00:00.000,4,NULL,52.0000,1,71.8112,20
172323,194362,Gall Force: Eternal Story,NULL,1986-12-10 00:00:00.000,NULL,NULL,NULL,NULL,NULL,NULL
173360,11885,Action Fighter,NULL,1986-08-17 00:00:00.000,1,NULL,NULL,NULL,96.9118,8
